-- Generation time: Fri, 28 Aug 2020 07:19:44 +0000
-- Host: mysql.hostinger.ro
-- DB name: u574849695_25
/*!40030 SET NAMES UTF8 */;
/*!40101 SET @OLD_CHARACTER_SET_CLIENT=@@CHARACTER_SET_CLIENT */;
/*!40101 SET @OLD_CHARACTER_SET_RESULTS=@@CHARACTER_SET_RESULTS */;
/*!40101 SET @OLD_COLLATION_CONNECTION=@@COLLATION_CONNECTION */;
/*!40103 SET @OLD_TIME_ZONE=@@TIME_ZONE */;
/*!40103 SET TIME_ZONE='+00:00' */;
/*!40014 SET @OLD_UNIQUE_CHECKS=@@UNIQUE_CHECKS, UNIQUE_CHECKS=0 */;
/*!40014 SET @OLD_FOREIGN_KEY_CHECKS=@@FOREIGN_KEY_CHECKS, FOREIGN_KEY_CHECKS=0 */;
/*!40101 SET @OLD_SQL_MODE=@@SQL_MODE, SQL_MODE='NO_AUTO_VALUE_ON_ZERO' */;
/*!40111 SET @OLD_SQL_NOTES=@@SQL_NOTES, SQL_NOTES=0 */;

DROP TABLE IF EXISTS `comments`;
CREATE TABLE `comments` (
  `id` bigint(20) unsigned NOT NULL AUTO_INCREMENT,
  `user_id` bigint(20) unsigned NOT NULL,
  `post_id` bigint(20) unsigned NOT NULL,
  `body` text COLLATE utf8_unicode_ci DEFAULT NULL,
  `created_at` datetime DEFAULT current_timestamp(),
  PRIMARY KEY (`id`),
  KEY `user_id` (`user_id`),
  KEY `post_id` (`post_id`),
  CONSTRAINT `comments_ibfk_1` FOREIGN KEY (`user_id`) REFERENCES `users` (`id`),
  CONSTRAINT `comments_ibfk_2` FOREIGN KEY (`post_id`) REFERENCES `posts` (`id`)
) ENGINE=InnoDB AUTO_INCREMENT=101 DEFAULT CHARSET=utf8 COLLATE=utf8_unicode_ci;

INSERT INTO `comments` VALUES ('1','1','1','Quos aspernatur voluptate autem repellat. Voluptas autem odio aut numquam qui. Qui ad cum quis sint aut. Temporibus aperiam perferendis vel id.','1999-05-14 17:26:36'),
('2','2','2','Saepe nihil earum eum aut. Ea amet ex nobis voluptatem voluptate excepturi debitis. Iusto perspiciatis molestiae ea. Deleniti voluptas ullam veniam consequatur.','2009-07-30 10:25:14'),
('3','3','3','Ea commodi doloribus qui alias eligendi. Natus doloremque laudantium iste repudiandae ipsa earum. Exercitationem a quas quasi quasi. Vel itaque reiciendis distinctio et in placeat.','1970-09-27 09:20:46'),
('4','4','4','Dolorum sapiente voluptatem cumque cumque. Est dicta nemo nihil. Omnis molestiae eligendi consequuntur voluptas.','2009-06-11 20:42:55'),
('5','5','5','At rerum sint tempore harum omnis ab ratione. Ipsum sit reprehenderit ipsa est. Praesentium veniam ipsum repudiandae qui quae ea. Fugit nulla qui qui autem nam voluptatibus.','1991-04-28 14:19:11'),
('6','6','6','Laudantium laudantium et placeat aut. Quaerat eum quia est ab. Facilis molestiae facilis cum ea quaerat.','1975-07-29 11:33:36'),
('7','7','7','Labore vel est dolore. Officiis in voluptatem vel officia provident autem. Expedita repudiandae autem sapiente et maxime nihil explicabo. Quia adipisci illo nulla labore.','2006-02-10 17:46:59'),
('8','8','8','Voluptatem perferendis est in. Et numquam quod et dolores. Eos ex praesentium placeat ut aperiam voluptas. Modi quasi ipsum dicta nesciunt numquam omnis cum.','1991-05-10 14:08:14'),
('9','9','9','Autem eligendi et mollitia doloremque accusantium sunt voluptas. Sunt veniam esse voluptatibus voluptas non. Ut impedit vel rerum non pariatur. Qui iure mollitia repudiandae ipsum.','1970-07-28 04:14:59'),
('10','10','10','Non eveniet alias aperiam at quod. Odit esse rerum omnis omnis alias temporibus et quisquam. Nesciunt eveniet alias ut eaque deleniti et voluptatum.','2009-09-08 14:54:19'),
('11','11','11','Ut voluptatum earum veniam. Quis sit veniam eos iure maiores. Non explicabo molestiae perferendis possimus. Architecto voluptate sunt velit molestias.','2010-10-16 16:34:50'),
('12','12','12','Ipsum nostrum doloremque et velit. Voluptas exercitationem at odio ipsum facilis adipisci. Qui tempore soluta officia repellat consequuntur ut. Ad numquam vel et molestias eligendi iste error.','1979-02-06 03:24:17'),
('13','13','13','Quo fugiat dolorem cupiditate sint. Modi quia quas ea consequuntur laborum aliquam. Fugiat rerum quia consectetur enim deserunt voluptas exercitationem. Ut id accusantium cum omnis.','2009-04-28 12:59:55'),
('14','14','14','Quo ab dolor et nobis vero suscipit nam. Nulla aut deserunt modi numquam sapiente quidem. Perspiciatis est eum nam ab.','1985-08-03 11:57:46'),
('15','15','15','Autem veniam repellendus ad. Praesentium quibusdam eaque esse sed. Veritatis reprehenderit tenetur commodi ea est temporibus dolorem.','2008-04-15 01:26:53'),
('16','16','16','Et temporibus debitis quisquam dolor recusandae. Vero quo necessitatibus voluptatem suscipit animi alias. Itaque facere et aperiam quas ipsum voluptatem. Molestias ducimus quam facilis similique.','2002-10-27 19:43:22'),
('17','17','17','Veritatis rem velit est et mollitia. Itaque qui et assumenda. Debitis quia exercitationem et asperiores. Qui ab qui maiores. Doloremque est et voluptas voluptatem placeat.','2002-07-13 13:02:34'),
('18','18','18','At enim delectus sapiente consequuntur voluptas alias. Repellat dicta labore sunt iste fugit. Nostrum et reiciendis iste voluptatem. Magnam quos in corrupti molestias fugit culpa.','1973-04-11 04:22:39'),
('19','19','19','Libero vel reprehenderit alias a et. Eveniet perspiciatis soluta rerum ea cum doloribus quos. Impedit praesentium omnis aut aut facere maxime quos. Rem ipsum explicabo et quia quisquam.','2008-03-28 08:59:12'),
('20','20','20','Et qui provident qui ea. Sed id aut libero velit nihil odio. Quibusdam totam et est architecto vel voluptatem.','1990-12-20 07:54:39'),
('21','21','21','Quia sunt qui harum consectetur. Facere facere facilis dolorem ut fuga. Ipsum quas corrupti et. Quas quis hic est exercitationem et et.','1986-01-26 00:27:17'),
('22','22','22','Asperiores odit quis voluptas est sint ipsa corporis. Voluptatibus est rem harum incidunt minus. Dolores voluptatem quas expedita magnam. Est maxime repellat provident provident omnis.','1974-10-21 20:30:39'),
('23','23','23','Corrupti aut magni vitae expedita dolores aperiam. Aliquid est aperiam cum provident qui. Nihil dicta dolores asperiores fuga voluptatum nisi.','1972-11-20 19:12:29'),
('24','24','24','Fugiat odit quisquam error esse dignissimos accusamus cum. Veritatis non veritatis odio reprehenderit est autem. Quas quisquam quasi architecto ut.','1982-07-23 01:39:56'),
('25','25','25','Est debitis repudiandae quo sit esse. Voluptatem in in dolores eos non quasi omnis.','1988-01-21 02:27:08'),
('26','26','26','Expedita repellendus sit voluptas. Aliquam deleniti vitae ullam aliquam rem molestias.','1972-10-13 11:49:42'),
('27','27','27','Pariatur facilis et quis reiciendis voluptatum dolorem. Optio reiciendis rem eius veniam corporis quia eos.','1990-04-13 02:03:40'),
('28','28','28','Non repellat laboriosam quas. Impedit eos est perferendis quidem eveniet consequuntur molestiae. Iste ipsa repellendus nihil. Qui excepturi maiores autem maiores repudiandae.','1999-07-23 11:06:18'),
('29','29','29','Consequatur rerum sint et qui eaque dolores. Aut voluptatem ut laborum. Odit ex suscipit totam explicabo rem quis.','2009-12-29 06:38:46'),
('30','30','30','Ea aut expedita veritatis maxime. Ea sed aliquam quas harum aliquid ea occaecati quia. Quia velit voluptas architecto hic et voluptas.','2019-12-24 08:01:46'),
('31','31','31','Aliquam quia sint consequatur modi. Odio et architecto dicta iusto nesciunt vitae maxime. Reprehenderit accusantium odit adipisci sit officia optio ullam ut.','2002-08-28 19:22:03'),
('32','32','32','Ad voluptas suscipit assumenda qui magni deserunt repellendus quam. Voluptas rerum suscipit quod enim. Eius minima modi sed ut sed odit. Accusamus eos inventore qui et est.','1994-02-17 15:24:45'),
('33','33','33','Dicta minus voluptatem molestias. Ipsa aut consequatur delectus accusamus minus. Et nesciunt et rerum voluptas sed commodi. Et ipsa velit officiis maxime et ratione sit.','1993-01-30 14:18:35'),
('34','34','34','Corporis molestias officia nesciunt ducimus. Ut recusandae sequi temporibus enim omnis aut. Harum tempora explicabo voluptatem quia.','2006-11-06 05:00:43'),
('35','35','35','Et exercitationem provident animi unde accusamus iste sapiente. Tenetur qui quaerat est tempora dolorum eum. Eaque hic officia sunt et. Nobis fuga voluptatibus dicta cum et corrupti.','1982-01-08 08:27:14'),
('36','36','36','Veritatis provident est optio commodi natus. Nobis aut facilis quia quibusdam voluptas et. Tempore error nulla temporibus alias numquam accusamus. Atque cum minima aspernatur iure esse.','1988-08-13 04:46:40'),
('37','37','37','Repellat nostrum error sit explicabo. Voluptatem vel quam eum. Voluptatum aliquam voluptas id quasi est.','1998-10-04 09:45:05'),
('38','38','38','Dignissimos quia iusto eius eos distinctio. Cupiditate sit commodi qui dicta ea et consequatur rem. Aut velit consequatur qui repellendus quod temporibus quia.','2017-08-04 16:41:44'),
('39','39','39','Ut libero voluptatibus eius est atque. Placeat nihil labore illo nemo quia quae. Vel rem voluptas autem suscipit dolores velit. Qui asperiores vitae et omnis repellat.','2000-04-26 03:14:17'),
('40','40','40','Ea quisquam ut quo distinctio dolor. Iste qui quia doloribus autem quia.','1997-06-21 14:33:18'),
('41','41','41','Necessitatibus quibusdam quia ab sed quos tempore. Magni repellendus eligendi culpa non est repudiandae.','2004-11-14 17:34:22'),
('42','42','42','Sit ea enim fuga et quaerat officiis error. Impedit ullam asperiores non distinctio ratione fugiat nihil. Sequi dolor nam voluptatem dolor.','2014-03-29 18:46:09'),
('43','43','43','Consequatur impedit deleniti molestiae tempora numquam sit. Ab aut mollitia et consectetur eum reprehenderit corporis. Dolor ea necessitatibus deserunt quae.','1998-10-21 06:07:27'),
('44','44','44','Qui quaerat sapiente labore. Architecto odit cupiditate aut. Blanditiis illo aperiam ipsum nam illo amet ea. Omnis occaecati quos maxime iure error nesciunt.','2000-09-28 09:43:04'),
('45','45','45','Similique et voluptates quis. Molestiae sit ratione libero vel maiores corporis.','1987-06-23 22:11:22'),
('46','46','46','Accusantium nam veniam inventore molestiae repellendus est dicta. Dolores nihil quas ratione repellat. Laboriosam suscipit enim est assumenda. Vitae itaque hic earum consequatur.','1978-10-02 04:58:34'),
('47','47','47','Et aut quis et fugiat a voluptatem eaque. Qui nihil quisquam mollitia consequuntur similique. Dolorem et modi hic sit.','1987-03-10 03:56:19'),
('48','48','48','Aut quis optio dolor incidunt est ea. Laudantium quae dolor sint corrupti illum laborum ea. Omnis veniam cupiditate eaque ab assumenda est.','2015-06-19 09:47:04'),
('49','49','49','Nisi et aperiam enim. Esse unde laborum alias est eos saepe quis. Dolor nisi ullam quasi. Similique voluptatem harum aut quo ea.','1990-05-09 00:45:31'),
('50','50','50','Consequatur tempore qui aspernatur labore et dicta. Aut rerum adipisci impedit. Eum vitae perferendis ut. Vero sed aut qui distinctio soluta.','1999-03-10 19:25:08'),
('51','51','51','Sunt consequatur doloremque quia aut quis. Consequatur voluptatem soluta aut blanditiis vel doloremque. Similique itaque molestiae deleniti est quasi.','1980-03-05 04:33:35'),
('52','52','52','Tempore sed modi voluptatem harum ex aut ea est. Laboriosam non ut omnis dolor. Ducimus quae voluptatum in cum fugit quis.','2000-08-04 21:41:31'),
('53','53','53','Explicabo sunt sequi et molestias aut et dolores. Corrupti iusto in sunt ut quia rem. Suscipit impedit enim laborum in ut.','2013-04-03 15:48:28'),
('54','54','54','Quo qui quaerat optio sed dolor ab. Aut placeat nam fugiat. Iusto dolorem quasi in doloremque harum eum. Quis earum hic iusto sapiente dignissimos consectetur odio.','1997-05-15 18:46:18'),
('55','55','55','Iusto sit perspiciatis praesentium. Maiores consequatur aliquam eius ipsa saepe ut quisquam. Similique magnam veritatis id modi similique quidem.','1994-10-08 10:40:00'),
('56','56','56','Fuga provident fugit blanditiis molestias molestiae quae dicta. Ut ut quidem optio recusandae. Accusantium porro cupiditate asperiores eos. Assumenda sequi ut optio temporibus omnis quidem quae.','1970-04-10 08:47:01'),
('57','57','57','Tempore quibusdam eligendi repellat sunt eligendi eum ut et. Dolores minus magnam culpa eos eum voluptatem. Amet aspernatur est est cum consequuntur libero veritatis rerum.','1985-10-27 13:14:45'),
('58','58','58','Quia mollitia minima qui quas id. Eum praesentium exercitationem libero. Deserunt est enim molestiae velit perferendis.','1982-09-03 20:05:45'),
('59','59','59','Consequuntur et unde eligendi modi fugit. Neque magni odio dolorem accusamus porro quod. Enim soluta qui soluta voluptates non ratione.','1980-04-30 14:22:54'),
('60','60','60','Et aut ipsa ut atque et. Animi enim occaecati deserunt et sed. Omnis quia necessitatibus maxime non. Blanditiis alias quod id quia et.','2011-05-03 22:52:57'),
('61','61','61','Iure id ducimus perferendis sit ipsum sint est. Eveniet architecto omnis magnam ut laboriosam voluptatem. Non incidunt dolorem sint enim dolor ea optio.','1972-05-25 08:44:46'),
('62','62','62','Impedit molestias et nihil harum. Aperiam nesciunt aut enim odio.','1972-01-12 04:22:17'),
('63','63','63','Praesentium quis neque perspiciatis voluptas totam veritatis ea. Nobis enim neque culpa. Ipsum autem est aliquam. Et quos laboriosam consequatur voluptas.','1992-02-04 04:13:44'),
('64','64','64','Ut eos officiis sit tenetur nulla modi. Sint est error soluta ducimus.','1977-11-19 09:41:39'),
('65','65','65','Consectetur ducimus eos a recusandae architecto enim. Sunt dolorem molestiae atque recusandae. Dolorem aliquid sequi et incidunt.','2020-05-27 12:31:22'),
('66','66','66','Exercitationem amet aut et quos et quia nesciunt ratione. Perferendis mollitia magni quam sunt voluptas. Tempore occaecati repellat et tenetur placeat. Debitis accusantium itaque magnam quaerat.','1990-04-09 05:25:50'),
('67','67','67','Perspiciatis a minus expedita occaecati. Nisi ducimus dolores temporibus molestias fugit. Itaque dolorem recusandae et impedit. Rerum reprehenderit necessitatibus sed architecto sed.','1992-11-18 11:01:47'),
('68','68','68','Porro commodi recusandae tenetur nihil commodi beatae et tempora. Est omnis iure officiis sed tenetur nostrum eum.','2018-12-05 12:49:23'),
('69','69','69','Vel officiis officiis totam. Iusto libero possimus ea. Rem ex odit aut tenetur non nemo temporibus. Sint porro rerum error ut at molestias.','1994-05-26 00:32:52'),
('70','70','70','Ut consequatur necessitatibus et ipsum. Et quia et neque quos ipsam porro qui saepe. Ea est qui repellendus autem id.','2016-06-21 00:09:56'),
('71','71','71','Recusandae et consectetur totam recusandae quod. Doloribus voluptate in quis accusamus enim. Dolor deserunt vitae et et enim sapiente. Quam eum totam rerum nostrum labore ipsa ea modi.','2012-01-22 03:45:44'),
('72','72','72','Dolorum sequi esse asperiores odio alias. Dicta eos ad dolores quae veritatis vero. Rerum dolores labore impedit quod eos aut.','2005-07-18 19:10:24'),
('73','73','73','Architecto sunt vero et dolor. Praesentium cupiditate corrupti sint alias in. Blanditiis eos sunt illo. Itaque doloremque recusandae est eos quos sequi deleniti. Expedita eos sint temporibus nobis.','2020-04-02 04:30:00'),
('74','74','74','Atque incidunt qui aut dolorum natus non. Odit molestiae in molestiae non. Pariatur ipsa perspiciatis voluptatem consequuntur non sit ut. Culpa dignissimos cumque iusto incidunt et.','1996-05-05 08:03:37'),
('75','75','75','Et adipisci exercitationem eum doloremque occaecati inventore excepturi. Commodi reiciendis commodi ut eos cum laudantium. Aut id alias a recusandae quis omnis est.','1985-02-16 10:19:47'),
('76','76','76','Quasi ut qui animi et aut vero numquam. Laudantium quibusdam dolor tempora. Sed nemo ullam dignissimos ea. Unde in exercitationem ipsa totam non.','2000-07-11 02:58:54'),
('77','77','77','Doloremque qui quidem nam reprehenderit in tempora. Deleniti nihil labore nulla at eaque quis quam dolores. Sed aliquam soluta dolorem libero assumenda. Tempore quis aut quia voluptatem.','2017-04-12 15:05:38'),
('78','78','78','Voluptatem iste sed necessitatibus velit debitis quaerat. Ratione sunt at magnam sed est delectus. Quas et facere consequatur enim qui.','2004-03-28 20:26:28'),
('79','79','79','Ea voluptas expedita beatae et pariatur autem ut. Consequatur ad qui possimus at et sit. Omnis ipsam blanditiis ut nobis eos.','1976-12-06 20:09:07'),
('80','80','80','At nam et sint ipsam ut sit. Molestiae repellendus aut quis inventore. Repellendus corrupti ipsam animi culpa.','1985-11-23 01:05:21'),
('81','81','81','Dolor est non repellat ut voluptatibus maxime. Voluptate fugiat maiores ut et id sed blanditiis. Amet fugiat rerum dolorem est magni mollitia ut reprehenderit.','2002-04-11 09:37:12'),
('82','82','82','Ab veniam nihil atque repudiandae fugit iste est. In quos tenetur et id est. Nostrum qui quae ea dolor id minima vero.','2016-11-12 02:01:20'),
('83','83','83','Voluptatem dignissimos vel ipsa quia laudantium qui recusandae. Consequatur ea eos sunt aperiam cumque. Aut illum dolorem est repellendus fuga.','1998-09-27 07:23:19'),
('84','84','84','Dolorem voluptatem quia quidem perspiciatis. Et quo illum ipsa soluta et voluptatem commodi. Molestias sit iusto quia harum ut ab aspernatur. Et est vero in facilis et eaque nemo asperiores.','2004-12-07 09:40:39'),
('85','85','85','Sint et illo possimus et accusamus. Error in nihil error distinctio tempora. Quas voluptatem quia non aliquid hic voluptas.','2004-03-28 02:12:03'),
('86','86','86','Non dicta aperiam praesentium. Officia repudiandae aut magnam ut et. Deleniti voluptas ipsa et et. Tenetur laudantium dolorem voluptas magnam accusamus quaerat quasi dolore.','1997-04-22 16:08:10'),
('87','87','87','Ut rerum labore quidem voluptatibus. Dolores excepturi neque dolorum quas. Et in quis voluptate velit ipsa cumque ut.','1987-09-19 04:36:05'),
('88','88','88','Ducimus totam excepturi nam nihil. Quia sed quo quisquam iusto eaque occaecati est et. Iure voluptate illum harum amet molestias.','1993-09-18 12:52:33'),
('89','89','89','Et vel assumenda quam magni consectetur quam sed. Enim tempore voluptatem et dolorem aut commodi dolorum. Est dolores quos enim qui sit aut non. In atque ab aspernatur tempora fuga suscipit.','1981-09-24 00:12:01'),
('90','90','90','Iusto sed sed quia natus non. Est ipsam sint dicta rerum est. Aut earum laudantium doloribus nam sequi id aut.','1977-11-24 21:09:37'),
('91','91','91','Et eveniet et tenetur ullam in. Optio nemo tenetur ut qui. Placeat nisi magni qui sit. Nulla amet quos aspernatur voluptates.','1993-04-29 06:12:59'),
('92','92','92','Officia inventore dolorem rerum dolorem cumque. Vel porro architecto necessitatibus in. Odio eum est facilis facilis. Est aperiam sapiente rem voluptatem aperiam commodi.','1976-05-29 11:02:14'),
('93','93','93','Eum occaecati eveniet qui hic quia molestias tenetur sint. Enim praesentium assumenda voluptatem ullam repellat ut hic ut. Facere quod sunt voluptatum.','1976-10-07 18:56:43'),
('94','94','94','Aut rerum enim facere et. Reprehenderit fuga enim et. Ut omnis ea nam aut possimus voluptatibus.\nIpsa maiores qui tempora eos laborum est aliquid. Est iure qui sit esse aliquid.','1980-01-17 21:44:41'),
('95','95','95','Enim et eius laudantium non. Debitis ut dolores nisi expedita id excepturi aut. Beatae labore eius sunt atque. Aut cumque facere libero atque optio vel.','1975-11-30 03:49:51'),
('96','96','96','Culpa sit eos illum ipsam alias possimus. Consectetur reiciendis eveniet non eum pariatur autem pariatur. Aut enim dolor dolorem aliquam cum.','2009-11-25 03:44:14'),
('97','97','97','Facilis consequatur est ut. Iste sit voluptatum odit esse ut sed minus. Rerum excepturi vitae dolorum explicabo rerum dolores eum.','2002-03-14 04:50:50'),
('98','98','98','Accusamus aliquid tempore quasi et enim. Laboriosam illum et et eius iure alias at.','2017-10-09 07:59:02'),
('99','99','99','Velit expedita voluptatem nesciunt est nemo pariatur. Autem deserunt molestiae et dolorem dolores velit voluptatibus.','1975-09-28 00:42:58'),
('100','100','100','Amet quae est dicta et magnam harum. Non cupiditate aliquid sit natus quos. Non rerum qui non ad enim amet delectus. Temporibus quo quidem ducimus non repellendus ut et eos.','1987-10-05 09:58:24'); 


DROP TABLE IF EXISTS `communities`;
CREATE TABLE `communities` (
  `id` bigint(20) unsigned NOT NULL AUTO_INCREMENT,
  `name` varchar(255) COLLATE utf8_unicode_ci DEFAULT NULL,
  PRIMARY KEY (`id`),
  UNIQUE KEY `id` (`id`),
  KEY `name` (`name`)
) ENGINE=InnoDB AUTO_INCREMENT=101 DEFAULT CHARSET=utf8 COLLATE=utf8_unicode_ci;

INSERT INTO `communities` VALUES ('69','Aaliyah'),
('6','Abbie'),
('42','Abbie'),
('67','Adah'),
('72','Alba'),
('39','Alexane'),
('68','Alice'),
('62','Amalia'),
('96','Ara'),
('3','Astrid'),
('100','Ayla'),
('17','Bernadine'),
('87','Beulah'),
('97','Carlie'),
('31','Carrie'),
('24','Cecilia'),
('61','Cheyanne'),
('92','Christelle'),
('16','Cleora'),
('44','Clotilde'),
('21','Concepcion'),
('33','Corene'),
('51','Dannie'),
('47','Delilah'),
('27','Diana'),
('40','Dixie'),
('79','Dolly'),
('11','Dorris'),
('85','Dortha'),
('9','Drew'),
('54','Eda'),
('8','Edna'),
('94','Ella'),
('23','Elmira'),
('41','Elyse'),
('35','Eryn'),
('13','Fleta'),
('60','Georgette'),
('28','Germaine'),
('78','Glenna'),
('46','Gloria'),
('38','Gudrun'),
('91','Haylee'),
('73','Heather'),
('74','Icie'),
('7','Iliana'),
('34','Ines'),
('65','Jackie'),
('22','Jade'),
('95','Jailyn'),
('98','Janiya'),
('84','Jessika'),
('55','Joannie'),
('71','Julia'),
('37','Karolann'),
('18','Kasey'),
('29','Katrine'),
('90','Kayli'),
('1','Larissa'),
('83','Laurence'),
('64','Laury'),
('49','Lavinia'),
('32','Lea'),
('43','Lea'),
('52','Leilani'),
('63','Lindsay'),
('10','Lisa'),
('15','Lorine'),
('86','Madelynn'),
('58','Maggie'),
('89','Marguerite'),
('20','Meghan'),
('76','Mercedes'),
('57','Michele'),
('30','Minnie'),
('66','Molly'),
('25','Mozell'),
('88','Muriel'),
('77','Myah'),
('53','Mylene'),
('14','Nannie'),
('2','Nedra'),
('5','Onie'),
('82','Ottilie'),
('36','Pascale'),
('93','Pat'),
('81','Pink'),
('4','Queen'),
('26','Raquel'),
('80','Rosetta'),
('75','Sadye'),
('45','Sarah'),
('70','Shyanne'),
('56','Tamara'),
('59','Vallie'),
('12','Vanessa'),
('50','Vita'),
('99','Winnifred'),
('48','Yazmin'),
('19','Zoila'); 


DROP TABLE IF EXISTS `friend_requests`;
CREATE TABLE `friend_requests` (
  `initiator_user_id` bigint(20) unsigned NOT NULL,
  `target_user_id` bigint(20) unsigned NOT NULL,
  `status` enum('requested','approved','unfriended','declined') COLLATE utf8_unicode_ci DEFAULT 'requested',
  `requested_at` datetime DEFAULT current_timestamp(),
  `confirmed_at` datetime DEFAULT NULL,
  PRIMARY KEY (`initiator_user_id`,`target_user_id`),
  KEY `initiator_user_id` (`initiator_user_id`),
  KEY `target_user_id` (`target_user_id`),
  CONSTRAINT `friend_requests_ibfk_1` FOREIGN KEY (`initiator_user_id`) REFERENCES `users` (`id`),
  CONSTRAINT `friend_requests_ibfk_2` FOREIGN KEY (`target_user_id`) REFERENCES `users` (`id`)
) ENGINE=InnoDB DEFAULT CHARSET=utf8 COLLATE=utf8_unicode_ci;

INSERT INTO `friend_requests` VALUES ('1','1','requested','1993-11-22 11:20:24','2019-09-05 08:53:56'),
('1','2','requested','1992-08-01 05:18:09','2005-11-19 09:40:35'),
('1','5','requested','1987-10-17 03:30:43','1981-11-04 13:03:22'),
('1','7','unfriended','1986-08-24 20:28:13','1995-06-20 10:41:51'),
('1','8','declined','1991-05-16 13:09:36','1988-04-16 20:56:23'),
('1','9','approved','1993-01-26 01:43:47','1989-02-12 09:19:36'),
('2','1','declined','2017-05-14 14:52:58','1997-03-29 14:35:27'),
('2','3','unfriended','2002-03-17 17:27:10','1988-09-19 01:59:23'),
('2','4','requested','1980-11-18 16:17:50','2012-10-23 15:37:37'),
('2','5','requested','1983-04-05 21:07:36','2006-01-28 21:47:58'),
('2','6','approved','2009-10-30 20:25:23','2004-10-15 13:13:09'),
('2','7','requested','1990-06-12 19:46:46','2008-03-31 23:59:59'),
('2','8','approved','1972-04-05 05:09:15','1997-05-20 10:36:44'),
('2','9','requested','1988-11-23 17:57:14','2013-03-06 05:41:49'),
('3','1','approved','1984-06-10 23:52:40','2014-07-29 01:54:04'),
('3','2','unfriended','1986-11-21 00:47:55','1974-12-30 02:09:18'),
('3','8','requested','2011-09-17 18:11:11','2008-10-24 04:15:14'),
('4','3','approved','1975-09-14 19:19:12','1993-09-09 11:09:00'),
('4','4','approved','1990-02-25 17:54:59','1982-03-22 23:21:37'),
('4','5','declined','1970-03-23 07:51:23','2003-09-03 22:00:53'),
('4','7','declined','2017-09-02 09:57:38','1992-10-22 08:54:08'),
('5','1','requested','1976-02-19 10:31:45','2011-01-23 00:20:56'),
('5','3','declined','2000-02-26 20:27:21','2009-10-17 19:15:16'),
('5','4','approved','2016-05-08 23:12:54','1981-06-22 16:46:35'),
('5','5','unfriended','2003-04-29 23:09:28','1981-03-05 16:50:37'),
('5','9','declined','2017-05-24 23:31:43','2003-01-20 17:08:16'),
('6','2','declined','1982-06-12 10:55:52','2015-05-20 11:10:44'),
('6','4','requested','1970-07-13 03:09:10','2010-04-10 12:13:19'),
('6','5','declined','2017-04-26 16:15:46','1995-03-19 06:30:33'),
('6','7','requested','1997-07-23 08:14:48','1995-09-05 09:52:28'),
('6','8','approved','1972-11-15 09:32:09','2002-10-17 12:23:07'),
('6','9','unfriended','2010-08-21 12:54:38','2008-04-25 09:00:32'),
('7','1','approved','1983-01-03 07:27:04','2009-01-29 09:35:02'),
('7','4','unfriended','1993-09-24 00:28:05','1980-10-23 01:40:39'),
('7','5','approved','1996-10-20 18:19:03','1989-03-10 23:42:49'),
('7','7','unfriended','1985-12-06 22:49:53','1980-03-12 18:19:33'),
('7','8','declined','1972-03-10 22:20:29','1980-08-28 21:19:05'),
('7','9','unfriended','2018-11-14 04:16:06','2014-01-11 05:43:30'),
('8','1','unfriended','1999-09-03 13:09:31','1996-04-18 18:48:15'),
('8','2','requested','1977-03-08 15:57:34','2009-10-23 00:27:51'),
('8','5','approved','1995-02-17 12:05:21','1970-07-03 00:52:08'),
('8','6','unfriended','1974-05-22 10:22:47','1994-01-05 21:46:11'),
('8','8','approved','2005-02-02 14:57:13','2011-12-26 19:41:00'),
('9','1','declined','2007-07-04 16:42:40','2002-11-07 17:34:24'),
('9','3','declined','1973-05-30 11:05:32','1992-05-11 01:33:30'),
('9','4','requested','1989-12-25 08:06:37','1976-08-25 00:12:46'),
('9','5','unfriended','2007-08-29 06:21:31','2016-04-30 13:24:34'),
('9','6','unfriended','1992-09-08 16:47:35','1991-04-26 01:01:12'),
('9','7','declined','1977-09-28 20:06:28','2008-04-30 12:22:01'),
('9','8','unfriended','1993-01-27 05:27:35','1986-03-18 21:24:36'); 


DROP TABLE IF EXISTS `likes`;
CREATE TABLE `likes` (
  `user_id` bigint(20) unsigned NOT NULL,
  `like_id` bigint(20) unsigned NOT NULL,
  `status` enum('like','unlike','clear') COLLATE utf8_unicode_ci DEFAULT 'clear',
  `created_at` datetime DEFAULT current_timestamp(),
  PRIMARY KEY (`user_id`,`like_id`),
  KEY `user_id` (`user_id`),
  KEY `like_id` (`like_id`),
  CONSTRAINT `likes_ibfk_1` FOREIGN KEY (`user_id`) REFERENCES `users` (`id`),
  CONSTRAINT `likes_ibfk_2` FOREIGN KEY (`like_id`) REFERENCES `users` (`id`),
  CONSTRAINT `likes_ibfk_3` FOREIGN KEY (`like_id`) REFERENCES `photos` (`id`),
  CONSTRAINT `likes_ibfk_4` FOREIGN KEY (`like_id`) REFERENCES `posts` (`id`),
  CONSTRAINT `likes_ibfk_5` FOREIGN KEY (`like_id`) REFERENCES `media` (`id`)
) ENGINE=InnoDB DEFAULT CHARSET=utf8 COLLATE=utf8_unicode_ci;

INSERT INTO `likes` VALUES ('1','2','unlike','2011-08-15 05:09:14'),
('1','6','unlike','2009-04-29 08:09:38'),
('1','7','clear','1992-03-17 21:07:39'),
('1','8','like','2001-10-20 00:04:06'),
('2','2','like','2007-09-29 07:04:15'),
('2','3','clear','1972-12-19 19:32:02'),
('2','4','unlike','2002-11-04 06:56:49'),
('2','5','like','1978-09-30 22:10:28'),
('2','6','like','1990-04-30 07:13:25'),
('2','7','like','1970-08-20 09:15:01'),
('2','8','unlike','2010-10-19 00:44:22'),
('3','1','unlike','2012-08-05 02:21:03'),
('3','2','clear','1997-09-27 01:24:41'),
('3','3','unlike','1989-05-01 01:08:29'),
('3','4','like','1979-09-25 05:00:37'),
('3','8','unlike','2017-09-11 21:20:54'),
('4','1','clear','1975-06-30 18:40:13'),
('4','2','clear','2011-06-29 10:52:57'),
('4','3','unlike','1988-10-21 23:18:48'),
('4','5','like','2004-06-16 03:13:44'),
('4','6','unlike','2007-07-30 16:01:55'),
('4','7','clear','2009-01-15 19:18:25'),
('4','8','clear','2011-06-29 07:41:29'),
('4','9','unlike','2000-08-29 02:39:21'),
('5','1','like','2008-04-01 21:55:42'),
('5','2','clear','1973-02-20 05:44:09'),
('5','5','unlike','2012-06-08 05:13:35'),
('5','6','like','2010-11-13 05:39:55'),
('5','7','clear','1991-11-11 15:07:11'),
('5','9','like','2014-06-19 02:33:47'),
('6','2','like','1981-03-01 21:16:09'),
('6','4','like','1977-06-24 02:32:13'),
('6','5','unlike','2017-02-14 03:43:43'),
('6','7','clear','2016-03-20 04:54:12'),
('7','1','like','1977-07-16 10:54:30'),
('7','2','unlike','1997-12-17 06:21:49'),
('7','6','clear','2012-04-26 19:23:17'),
('7','7','clear','1994-10-24 06:35:03'),
('8','1','clear','2019-07-20 17:01:44'),
('8','3','unlike','2001-04-23 19:02:46'),
('8','4','unlike','2012-06-26 17:20:37'),
('8','5','clear','1971-05-18 20:28:24'),
('8','6','clear','1977-04-14 02:38:17'),
('8','7','unlike','1983-07-20 00:28:49'),
('8','8','unlike','2004-05-01 07:06:57'),
('8','9','like','2013-09-15 10:52:10'),
('9','1','clear','2018-08-20 23:59:30'),
('9','2','like','2015-09-28 17:47:40'),
('9','3','clear','1992-01-21 23:00:19'),
('9','5','like','1995-12-30 10:04:35'),
('9','6','unlike','1980-04-01 00:28:30'),
('9','8','unlike','2002-11-19 14:59:04'); 


DROP TABLE IF EXISTS `media`;
CREATE TABLE `media` (
  `id` bigint(20) unsigned NOT NULL AUTO_INCREMENT,
  `user_id` bigint(20) unsigned NOT NULL,
  `body` text COLLATE utf8_unicode_ci DEFAULT NULL,
  `created_at` datetime DEFAULT current_timestamp(),
  `updated_at` datetime DEFAULT NULL,
  PRIMARY KEY (`id`),
  KEY `user_id` (`user_id`),
  CONSTRAINT `media_ibfk_1` FOREIGN KEY (`user_id`) REFERENCES `users` (`id`)
) ENGINE=InnoDB AUTO_INCREMENT=101 DEFAULT CHARSET=utf8 COLLATE=utf8_unicode_ci;

INSERT INTO `media` VALUES ('1','1','zkilback@fisherullrich.info','2013-06-13 04:46:13','2010-05-29 02:45:46'),
('2','2','misty.dickinson@murraylittel.biz','1983-10-08 21:06:07','2014-11-10 00:51:16'),
('3','3','loren.oberbrunner@littel.com','1978-05-28 06:55:49','1996-09-30 06:49:08'),
('4','4','kilback.hiram@feest.net','1992-06-11 08:55:37','2009-05-17 11:21:02'),
('5','5','lila.schinner@gmail.com','2016-06-25 10:58:13','1992-08-11 15:11:57'),
('6','6','janessa.strosin@nader.net','2006-10-14 15:42:08','2001-11-01 02:50:50'),
('7','7','ddonnelly@cole.biz','1972-11-26 20:15:14','2009-05-02 04:15:17'),
('8','8','kari52@yahoo.com','1980-08-04 04:09:00','1981-02-08 12:31:25'),
('9','9','kavon.stracke@adamslegros.net','1971-09-20 14:49:55','1995-05-16 17:08:16'),
('10','10','hansen.evelyn@gmail.com','1992-03-28 19:18:58','2006-10-09 23:35:34'),
('11','11','barton.chris@yahoo.com','2020-06-08 04:03:30','1984-08-11 16:27:44'),
('12','12','jayde.glover@fritsch.com','2000-12-28 21:50:02','1977-12-13 01:00:18'),
('13','13','ashtyn40@gmail.com','1997-07-30 10:26:19','2000-08-15 03:34:02'),
('14','14','rstamm@larkin.com','1992-11-30 13:38:19','2008-10-11 15:49:37'),
('15','15','hailee51@hartmannbogisich.org','1983-06-04 01:59:23','1980-08-15 01:43:59'),
('16','16','cruickshank.vance@gmail.com','1990-12-04 18:25:50','1995-03-13 13:52:10'),
('17','17','hettinger.ryleigh@hotmail.com','1994-05-29 14:00:34','1974-01-26 11:00:00'),
('18','18','sophie.hoeger@yahoo.com','1971-02-22 18:05:26','2015-05-04 16:17:29'),
('19','19','ffeil@ryan.com','2018-10-03 16:59:03','1974-03-25 23:24:52'),
('20','20','hans19@ferry.com','1986-11-02 20:58:35','1976-05-02 15:04:26'),
('21','21','gprohaska@gmail.com','1983-07-19 09:53:28','1989-12-07 04:26:07'),
('22','22','loy83@champlinrice.info','1995-09-07 19:55:18','1985-06-20 13:09:56'),
('23','23','gkuphal@hotmail.com','2009-12-09 23:58:58','1997-08-09 10:03:20'),
('24','24','llewellyn.pollich@gmail.com','2006-05-24 19:53:54','1995-01-11 20:43:14'),
('25','25','bschulist@auer.com','2001-11-15 08:31:49','1974-02-21 19:14:47'),
('26','26','zterry@baumbach.info','1981-10-13 18:20:55','2014-07-17 04:02:57'),
('27','27','benny.purdy@gmail.com','2013-07-02 05:29:06','1972-12-30 02:17:34'),
('28','28','bahringer.julia@yahoo.com','1970-12-27 07:56:29','1978-12-17 11:35:14'),
('29','29','clare13@yahoo.com','1992-03-22 11:40:53','2017-05-02 20:08:52'),
('30','30','bernard48@hotmail.com','2000-11-24 16:12:21','1974-07-28 02:30:45'),
('31','31','fgottlieb@gmail.com','1979-04-17 23:09:52','2002-04-07 10:08:10'),
('32','32','rodrigo02@mayerbailey.org','2009-01-16 17:28:03','1996-09-30 00:04:44'),
('33','33','karlee64@hotmail.com','1970-11-28 02:03:40','2012-02-11 18:58:31'),
('34','34','monroe.torphy@gmail.com','1998-01-17 02:14:53','1995-03-12 00:59:20'),
('35','35','weber.mireille@dickinson.com','1972-10-29 03:20:30','2011-05-24 13:48:10'),
('36','36','darion.vandervort@gaylord.biz','2010-09-04 00:12:26','2016-04-22 11:44:01'),
('37','37','lakin.cleveland@yahoo.com','2003-05-21 04:14:39','1995-01-25 07:26:51'),
('38','38','reynolds.ben@hotmail.com','1991-10-31 19:36:33','1970-09-07 05:54:40'),
('39','39','tyrel22@ward.com','2016-09-11 12:25:54','2013-10-26 10:05:50'),
('40','40','ebert.roberta@hotmail.com','1986-11-23 16:26:04','1977-12-15 23:59:13'),
('41','41','adrianna21@yahoo.com','1971-07-20 08:00:08','1993-01-23 20:11:02'),
('42','42','florian.o\'conner@gmail.com','1996-05-29 02:26:01','2012-07-09 19:56:28'),
('43','43','hbergstrom@hotmail.com','2001-05-26 12:51:34','1999-11-06 04:59:29'),
('44','44','perry.gleason@gmail.com','1981-01-14 00:21:03','1985-08-13 14:37:46'),
('45','45','jalen94@barrowsdach.org','2009-07-25 12:18:56','2010-03-06 19:34:26'),
('46','46','samson94@langworth.org','2006-03-15 09:35:35','1971-05-09 20:48:06'),
('47','47','anderson.rodriguez@beahan.com','1984-12-29 19:53:02','2013-11-28 09:50:29'),
('48','48','gbarton@gmail.com','1996-09-21 06:58:35','2002-04-27 02:40:23'),
('49','49','hilpert.maymie@yahoo.com','2016-08-18 03:26:12','2003-02-17 21:24:28'),
('50','50','green81@pfeffer.com','1978-06-29 21:26:26','2006-06-03 04:49:36'),
('51','51','malvina81@huel.com','2018-03-24 18:28:45','2014-05-13 06:02:08'),
('52','52','runolfsdottir.dannie@gmail.com','1977-02-27 16:21:19','1977-03-26 04:23:04'),
('53','53','odell34@hotmail.com','1988-06-21 13:12:46','1980-11-14 02:12:39'),
('54','54','burnice.keeling@jacobsklein.com','1971-02-17 13:43:01','2009-09-19 14:49:02'),
('55','55','hkoepp@bergstrom.info','1977-02-22 20:19:15','2019-06-30 11:12:23'),
('56','56','bschultz@okoncartwright.com','2008-08-29 20:58:56','2013-01-22 23:47:36'),
('57','57','kgraham@keebler.com','1988-08-09 04:48:51','2001-02-26 13:54:50'),
('58','58','delmer.romaguera@yahoo.com','1993-06-02 02:16:38','2006-01-25 09:36:22'),
('59','59','rose.bruen@yahoo.com','1991-08-05 13:58:39','1985-06-11 01:56:52'),
('60','60','tromp.quinton@lang.com','2005-02-19 02:24:58','2002-12-29 18:29:46'),
('61','61','donnelly.elroy@williamsonpollich.com','1994-08-18 12:05:27','1986-04-02 05:15:41'),
('62','62','rutherford.jaquan@hagenes.com','2017-07-20 23:28:44','2008-09-01 17:29:55'),
('63','63','berenice.schuster@friesengerhold.info','1975-01-06 16:05:50','2018-03-16 01:34:05'),
('64','64','ciara49@mraz.biz','2002-09-16 02:02:24','1994-09-21 11:43:44'),
('65','65','kreiger.madyson@gmail.com','2003-11-29 18:52:57','2012-03-26 04:03:21'),
('66','66','ebony10@batz.info','1997-09-12 13:24:56','1977-11-09 03:22:50'),
('67','67','marianne80@kutchbotsford.com','1983-07-15 05:38:40','2011-12-14 07:51:18'),
('68','68','chelsie07@hotmail.com','2017-10-07 11:33:54','1976-01-25 07:04:33'),
('69','69','howe.ressie@rohan.com','1993-07-17 18:25:41','1981-03-24 13:46:01'),
('70','70','nicolette09@hyatt.com','2020-04-19 00:58:06','1994-11-11 21:47:50'),
('71','71','reese.little@yahoo.com','2009-10-23 04:32:42','1997-07-24 00:22:45'),
('72','72','joanny77@hotmail.com','2009-01-19 21:19:55','1997-06-23 23:24:50'),
('73','73','schulist.zoey@gmail.com','1998-05-13 01:58:46','2005-09-08 09:10:29'),
('74','74','proberts@yahoo.com','2005-12-01 01:28:02','1999-01-31 23:14:15'),
('75','75','paige.ferry@yahoo.com','1998-04-28 10:43:05','1989-05-08 00:09:05'),
('76','76','akunde@gmail.com','2003-04-24 22:38:04','1997-08-03 18:19:25'),
('77','77','osborne72@yahoo.com','1996-03-18 11:57:45','2013-08-25 03:07:26'),
('78','78','cvonrueden@smithwisozk.com','2013-08-25 18:16:43','2019-08-02 09:41:29'),
('79','79','bryce.moore@mayert.net','2017-05-12 11:06:48','1998-07-03 08:48:51'),
('80','80','sschiller@hotmail.com','2020-04-20 04:59:11','1992-06-19 06:01:26'),
('81','81','cale.adams@gmail.com','1980-05-10 19:31:32','2000-09-08 13:04:19'),
('82','82','shemar.tillman@stokes.com','2015-12-26 14:23:26','1991-08-01 16:30:52'),
('83','83','kristy86@deckowwaters.com','2017-06-18 11:11:07','2011-03-24 05:20:04'),
('84','84','scarlett22@hartmannlubowitz.com','2012-04-03 21:55:36','1981-09-30 00:23:20'),
('85','85','pkuphal@dooley.biz','2019-03-08 19:10:22','2006-03-24 16:17:03'),
('86','86','yolanda86@yahoo.com','2010-01-31 11:33:24','2004-09-25 03:04:47'),
('87','87','braun.maximo@medhurstwilliamson.com','1980-08-13 05:45:16','2001-12-08 13:50:39'),
('88','88','grimes.pablo@yahoo.com','1985-10-26 01:45:07','2008-05-22 06:09:27'),
('89','89','breinger@sanford.org','1978-02-27 07:25:11','1971-02-15 12:04:21'),
('90','90','dwhite@yahoo.com','1973-07-09 21:44:23','1976-01-04 03:25:51'),
('91','91','telly.kertzmann@hotmail.com','1998-09-07 07:53:19','1983-04-17 23:09:26'),
('92','92','leannon.claud@hotmail.com','1983-01-12 01:18:58','1988-07-07 10:58:06'),
('93','93','maye.kling@bernhardanderson.org','1980-09-25 11:05:27','1999-10-30 02:50:23'),
('94','94','alvera.douglas@gmail.com','2018-05-01 02:05:09','2002-10-05 00:44:09'),
('95','95','colin.tremblay@bradtkemckenzie.info','2010-01-04 08:53:22','2015-05-26 00:50:30'),
('96','96','kconnelly@effertz.org','1981-05-11 04:01:25','1994-05-09 16:47:40'),
('97','97','prunolfsdottir@hotmail.com','1986-10-25 08:00:26','2008-10-05 04:23:35'),
('98','98','grimes.ford@nitzschesimonis.biz','1997-10-03 11:16:58','2003-07-27 14:04:12'),
('99','99','heath25@gmail.com','1991-12-17 09:04:10','2018-12-19 02:23:04'),
('100','100','mankunding@yahoo.com','1981-11-21 06:34:03','1985-02-25 14:35:19'); 


DROP TABLE IF EXISTS `messages`;
CREATE TABLE `messages` (
  `id` bigint(20) unsigned NOT NULL AUTO_INCREMENT,
  `from_user_id` bigint(20) unsigned NOT NULL,
  `to_user_id` bigint(20) unsigned NOT NULL,
  `body` text COLLATE utf8_unicode_ci DEFAULT NULL,
  `is_read` tinyint(1) DEFAULT 0,
  `created_at` datetime DEFAULT current_timestamp(),
  PRIMARY KEY (`id`),
  KEY `from_user_id` (`from_user_id`),
  KEY `to_user_id` (`to_user_id`),
  CONSTRAINT `messages_ibfk_1` FOREIGN KEY (`from_user_id`) REFERENCES `users` (`id`),
  CONSTRAINT `messages_ibfk_2` FOREIGN KEY (`to_user_id`) REFERENCES `users` (`id`)
) ENGINE=InnoDB AUTO_INCREMENT=201 DEFAULT CHARSET=utf8 COLLATE=utf8_unicode_ci;

INSERT INTO `messages` VALUES ('101','9','7','Rerum voluptatum earum aperiam tenetur sed minus perferendis. Nostrum dolor quaerat neque et aut cumque. Sed ut sint cupiditate. Velit dolorum sapiente placeat est id.','0','1970-12-29 06:23:37'),
('102','9','9','Reprehenderit aspernatur sint quam sed magnam consequuntur est. Error et officia quis est. Voluptatem repudiandae id nemo neque debitis nihil. Sint magni rerum non doloremque harum.','1','2002-12-25 22:30:50'),
('103','7','1','Velit maiores non aut doloribus ut quo. Amet laboriosam debitis laboriosam voluptatibus sunt quia sit impedit. Ut ea optio quaerat harum. Aut et rerum cumque quaerat repellat consequatur pariatur.','1','2007-07-23 14:13:23'),
('104','9','9','Commodi quisquam repellendus eveniet atque sed omnis eum. Dolores minus aspernatur et necessitatibus sed. Fuga non eos tempora natus.','1','2017-05-28 20:59:03'),
('105','7','9','Inventore est ea neque nobis sed commodi quia iure. Voluptatem incidunt dolores est neque quae voluptatibus. Et quisquam officiis quo. Eius et repellendus autem est nam dicta vel.','1','2008-01-05 01:54:54'),
('106','3','5','Dolor sint ut et sunt sit dolorem ut quia. Et iure aperiam omnis. Distinctio deserunt voluptatem sed aspernatur non consequuntur.','1','2006-06-24 14:50:04'),
('107','4','1','Possimus eum reprehenderit iste et. Minus consectetur sunt et reprehenderit. Dolorem consectetur rerum voluptate molestiae vero reiciendis sunt.','1','1991-01-24 23:42:47'),
('108','6','5','Et aperiam dignissimos ad in sequi laborum architecto. Autem labore repellendus perferendis. Aut magnam dolorem suscipit voluptas.','0','2001-10-13 23:16:49'),
('109','3','6','Dolorum voluptatem tenetur illum dolore. Blanditiis quis sed possimus voluptatem. Voluptas beatae consequatur et. Quia officia deleniti culpa consectetur facere nihil et.','0','1986-02-17 14:11:52'),
('110','9','3','Dolores similique et in excepturi et nemo adipisci. Cupiditate quas a provident consectetur. Aut qui incidunt illum. Qui quam labore error minus debitis.','0','2016-06-04 17:43:58'),
('111','7','8','Dignissimos est ullam voluptas aut. Perspiciatis perferendis maxime velit dolorum quod corporis odit. Ratione harum nobis eos aut aut velit qui quo. Consequuntur sint libero tempora sit cum enim.','1','2002-08-05 10:30:23'),
('112','4','4','Sed dolores voluptas adipisci doloremque et et ad. Occaecati non sit quae. Iure recusandae fugiat aut.','0','1991-04-09 21:35:23'),
('113','3','9','Perferendis minus et est occaecati nobis. Fugiat enim iure nemo qui vero perferendis doloribus. Provident sit neque quam quis doloremque et.','1','2015-06-15 09:10:25'),
('114','7','9','Tempore suscipit vel a quae et nisi magnam. Et fuga excepturi dolorem ex explicabo ea nihil. Laborum inventore et excepturi fuga eveniet.','0','2015-02-04 11:54:44'),
('115','9','2','Quia accusantium tempora porro. Totam omnis at quae excepturi ipsa dolores labore. Nihil velit facilis vero rerum suscipit neque sunt. Quo corrupti ut reprehenderit.','0','2010-03-23 11:32:55'),
('116','3','5','Et nihil non illum odio a consequatur nobis. Officiis qui enim consequatur expedita nemo et. Maxime rem quam ea sapiente ducimus neque illum.','1','2016-10-23 21:51:00'),
('117','9','9','Doloremque placeat tenetur cumque. Maiores ut repellat odit. Et maiores molestiae ut explicabo modi omnis nihil dignissimos. Nihil a quidem et.','0','2018-04-30 10:35:41'),
('118','6','3','Animi vitae quod odit ullam incidunt ut id. Harum tempora doloremque corporis fugiat. Alias inventore facilis rem illo quia. Odio sed fuga quia qui.','1','1992-09-11 07:07:59'),
('120','8','1','Aliquam eaque atque voluptatem non. Facilis sit voluptate quis et debitis laboriosam est. Qui iste placeat doloribus cum quia.','0','1979-05-20 18:47:22'),
('121','5','5','Eaque aliquam dignissimos totam voluptatum enim eius. Iure fuga totam veniam sunt et eius. Cumque debitis atque natus repellat placeat. Neque aut voluptas distinctio voluptatum.','0','1976-02-07 09:30:17'),
('122','6','6','Consequuntur eum est sequi cupiditate corporis aut. At assumenda est cum adipisci et beatae. Ut soluta fugiat aut occaecati.','1','1987-02-16 22:44:12'),
('123','9','9','Minima et nemo suscipit dolorem expedita rerum et a. Voluptate quo ipsa ut numquam minima aut aperiam. Est amet totam necessitatibus harum. Molestiae velit repellat sunt ut.','0','1997-01-10 00:05:52'),
('124','5','7','Molestiae eos ut sunt ex vero illo. Dignissimos illum doloremque repudiandae voluptas et. Officia corrupti ipsa quasi ipsa corporis. Eaque sit molestiae reiciendis omnis.','1','1986-03-15 06:17:37'),
('125','6','5','Numquam unde ducimus sed deserunt quisquam. Nihil et voluptate voluptatem quaerat. Non rem distinctio repellendus delectus nesciunt qui earum.','0','1978-09-23 20:14:54'),
('126','7','4','Quia quisquam eaque corporis incidunt dolorem alias quisquam. Suscipit itaque omnis natus dolorem. Odio doloremque quas sint rerum.','0','1986-08-27 01:20:10'),
('127','5','9','Placeat quia numquam mollitia. Temporibus odio harum est et molestias sit explicabo expedita.','0','1978-03-31 20:25:04'),
('128','9','9','Voluptatum soluta asperiores quis. Quo debitis totam qui fuga. Minima repudiandae beatae et quis molestiae consequatur voluptatum. Quia et quam possimus doloremque aliquid fuga sunt.','0','2003-01-04 21:55:13'),
('132','3','7','Dicta ea necessitatibus dolor dicta voluptatem. Sed et dolores dolor et quae id molestiae.','0','1996-08-10 21:27:51'),
('133','8','4','Quibusdam nihil minus eos non. Ut nihil recusandae et libero deleniti. Enim nihil non qui quod. Autem voluptatum sit adipisci.','0','1991-10-09 02:36:41'),
('141','5','2','Iusto quibusdam et odit illo. Nihil dolor delectus illo. Veniam minus harum occaecati necessitatibus dolorem est.','0','2000-03-18 18:40:16'),
('142','2','9','Temporibus deleniti recusandae quia est accusantium repudiandae. Fugit et facere quos possimus odit aut id. Enim quis dolorem maxime. Sunt sint quo quos quo laboriosam.','0','2010-02-05 22:52:44'),
('143','1','1','Voluptatem aut in repellat aliquid. Dignissimos nostrum nihil placeat quidem autem quia. Delectus non in earum nihil dolor a itaque. Vero eum laudantium ipsum eos in dolores et.','1','1979-04-08 22:11:57'),
('146','6','4','Dolorum odit voluptatum veritatis. Eum sed dolorem quia id ipsa commodi nulla. Iste vel velit odio. Minus ratione numquam harum dolores et velit quia nesciunt.','0','1993-11-11 18:10:47'),
('147','5','3','Error commodi vero est eum qui voluptas a. Eaque perspiciatis autem enim nobis et. Eum reiciendis iste animi laboriosam molestiae voluptas ipsum.','0','1970-11-01 01:06:15'),
('148','6','9','Odio et rem quasi rerum perferendis quia consequuntur. Inventore itaque quo suscipit molestiae. Explicabo magnam ut fugit et ut similique. Et tempora nobis omnis magnam dolorem repudiandae.','1','2001-09-17 17:33:52'),
('149','9','8','Quas dolor quis dicta deleniti consequatur. Distinctio vel quam quasi quo. Qui natus ducimus quo vel sed.','0','2007-03-13 08:52:04'),
('151','8','1','Recusandae mollitia optio facilis. Nihil reiciendis consequatur et aliquam est voluptas et. Voluptatem quia voluptates dicta expedita consequatur corrupti voluptatem.','1','1998-06-07 05:50:07'),
('152','2','6','Distinctio at nostrum vitae aliquid repellendus nulla odit deleniti. Ut magni porro quam in. Maiores ut qui vel tenetur accusantium. Aspernatur sed odit voluptatem et.','1','2006-07-25 15:23:31'),
('153','7','3','Molestiae et qui necessitatibus id natus eveniet molestiae. Et nobis sed itaque repudiandae. Aut ratione voluptates et quaerat cum esse.','1','2006-06-06 04:14:30'),
('154','1','9','Qui libero facilis non hic eos illo. Enim eius laudantium labore alias. Facere minima adipisci ad odio iste molestiae eveniet. Est nesciunt autem sapiente autem et.','0','1999-01-25 00:04:09'),
('155','9','2','Est dolorem voluptatem doloribus sunt. Quod et quod suscipit non. Rem voluptates qui saepe molestiae quia dolorum voluptates.','0','2004-10-04 23:54:17'),
('156','8','3','Animi asperiores quia quo consectetur doloribus. Id dolorum qui vero earum qui vitae. Adipisci aperiam aperiam qui quas ut. Doloribus sint possimus totam voluptas ea magnam suscipit.','1','2007-04-14 17:29:56'),
('157','2','7','Consequatur qui commodi fugiat commodi. Voluptatem eius quaerat sed nihil alias nihil sunt. Atque libero exercitationem ut.','1','2020-07-07 20:25:38'),
('158','2','7','Voluptatem enim accusantium molestiae dolore non quia deleniti eius. Vel et sed aliquam facilis et. Cupiditate inventore rerum occaecati odio.','1','1984-04-10 12:47:29'),
('159','6','1','Excepturi recusandae velit magnam. Pariatur sit nisi veritatis ullam.','0','2019-01-31 12:25:31'),
('160','8','5','Et nihil voluptas labore dolor. Vel velit tempora dolor dolor consequatur.','1','1997-08-17 02:58:46'),
('161','7','7','Aut nostrum quae exercitationem nulla neque. Natus voluptas rerum eius voluptatem delectus sunt et asperiores. Quae inventore sequi eos dolor quia eaque. Aut qui in rerum deserunt.','0','2014-03-05 16:56:42'),
('162','7','8','Aspernatur dolorum repellendus corrupti sequi ut laborum. Qui laborum eveniet alias tenetur. Aut molestiae qui velit quo totam.','1','1980-05-09 19:53:27'),
('163','2','1','Maxime eius sit qui est accusamus quae. Soluta modi numquam aliquid nihil pariatur eveniet. Quia id est consectetur temporibus enim. Autem laboriosam aut est.','1','1988-10-16 07:00:29'),
('164','6','9','Labore tempora quaerat nihil cupiditate voluptatem inventore. Iure non qui ut repellendus voluptas. Itaque rerum dignissimos ut est. Cum amet pariatur explicabo voluptatum accusantium.','0','1985-07-21 04:10:36'),
('165','2','7','Odio ratione dicta aut ab. Exercitationem quisquam eaque qui id et nemo voluptatem repellendus.','0','1992-06-16 06:41:00'),
('166','2','5','Rem id tempore quibusdam voluptatem. Eligendi inventore quo architecto qui fuga dolorum tenetur. Beatae expedita ea unde quos consequuntur omnis.','1','1986-08-22 03:50:00'),
('168','6','2','Et quos ab saepe est quaerat dolorem non laboriosam. Aut et non assumenda. Consectetur et ullam quisquam voluptatem et consequatur.','0','2017-02-11 13:53:41'),
('169','7','6','Eligendi quis molestiae non ducimus labore mollitia assumenda dolores. Sequi dolorem alias voluptatem aut eveniet ut aut unde. Maxime laudantium sed eligendi est numquam.','1','2010-04-07 20:34:07'),
('170','3','1','In voluptatem praesentium eaque harum. Nisi necessitatibus illo sint non ratione deserunt. Voluptas quidem sed ut totam at dolores dolor consequatur.','0','2015-04-22 01:28:57'),
('172','5','9','Rerum consectetur enim nam velit sapiente nulla numquam. Corrupti qui omnis aut nobis eos. Quasi et quae occaecati omnis. Aspernatur maxime nobis et et.','1','2006-05-06 07:20:01'),
('173','2','3','Est culpa reprehenderit consequatur. Iste voluptas laborum non aut est. Suscipit qui laudantium quam.','0','1983-12-28 07:18:54'),
('175','5','1','Blanditiis repellat soluta corporis perspiciatis est accusantium. Odit quisquam quasi placeat perferendis possimus aut minima. Aliquid repellat dicta nulla blanditiis.','0','1986-11-19 11:06:29'),
('177','1','8','Modi animi voluptatibus eos illum. Excepturi fugit eos possimus sapiente eos laboriosam.\nIllum ut et hic. Quidem omnis voluptas nobis mollitia. Et voluptas eos nam doloremque odit sit.','1','1986-04-11 23:10:45'),
('178','2','1','Et omnis iste a. Nam exercitationem laudantium ab fuga aspernatur. Blanditiis ut necessitatibus molestiae cumque vel minus.','1','1979-12-14 08:49:22'),
('179','6','1','Excepturi aut recusandae expedita a quis eius. Explicabo omnis sed molestiae ut magni voluptas fugit. Nobis qui consequatur quisquam iusto. Quia eveniet illo omnis.','0','1990-03-29 17:55:28'),
('180','6','1','Molestiae quia adipisci quia alias consequuntur hic quibusdam. Voluptas ut architecto porro sunt. Tempora adipisci vero nemo. Numquam sint beatae neque error eum.','1','1999-02-26 14:44:20'),
('181','3','9','Debitis a mollitia id molestiae. Qui mollitia enim et eum et labore sit est.','1','1980-08-23 01:08:49'),
('183','1','8','Harum quas rerum non saepe. Commodi et accusamus neque odio sequi aliquid. Officiis fugiat nesciunt illo quia modi. Facere molestiae qui rem praesentium dolor ut.','1','2018-03-28 07:26:07'),
('184','4','2','Accusamus debitis illo hic dolores distinctio aut. Aut quia aperiam molestiae facilis minus ullam officiis. Expedita nulla corporis at sed. Accusantium tenetur accusamus facere id quidem et.','1','1978-11-01 12:17:57'),
('185','3','9','Reiciendis animi corrupti ipsam fugit est consequuntur illo quidem. Deserunt quos dolor ullam. Et quia enim quia porro. Quam et doloribus quia illo aut voluptatem.','0','1973-10-07 16:18:09'),
('187','5','5','Quam explicabo ut debitis et itaque velit quo mollitia. Deserunt ut cum autem vel. Aut consequatur at adipisci.','1','1990-06-11 20:03:50'),
('188','8','6','Quia qui laboriosam nisi assumenda minus blanditiis. Fugiat iusto qui recusandae commodi suscipit reprehenderit. Ut fugit aut beatae quis ut et. Illum eos quae optio reiciendis omnis.','1','2017-08-01 06:34:30'),
('189','3','8','Aut fugiat iusto sit ut deleniti cum. Laudantium optio eos expedita et harum eius eum. Soluta laborum dolorem fuga ea corporis. Tempora est optio repellat dicta. Sit culpa magnam totam.','1','2000-11-11 18:58:39'),
('191','9','3','Eos sit totam natus dolore eos dignissimos. Provident vitae omnis earum omnis quis. Hic sequi minima et eveniet fugit labore non. Omnis molestias excepturi asperiores.','1','1982-11-13 02:37:17'),
('192','8','2','Reprehenderit rerum quibusdam consequatur repellendus sint recusandae at. Qui modi et tenetur rerum et suscipit.','1','2006-11-04 22:33:32'),
('193','6','2','Qui et voluptas qui illum. Commodi quas nulla assumenda dolor dolores consequuntur facere. Error corporis totam quis expedita error. Et quia et numquam ratione sunt cum omnis.','1','1988-03-19 11:07:39'),
('194','8','2','Totam saepe dolor nihil repudiandae molestias. Deleniti beatae et rerum aspernatur facilis. Autem fuga ipsa veritatis necessitatibus.','0','2015-06-25 23:17:22'),
('195','9','6','Doloremque qui dolorum tempora amet harum nisi natus explicabo. Iure pariatur vel odit numquam. Natus quod consequuntur eligendi velit. Similique vel quisquam veritatis assumenda quibusdam ut error.','1','1991-06-10 10:29:39'),
('196','5','4','Nemo eum nemo qui rerum vel non. Sint nulla vel culpa. Ducimus numquam deleniti sint adipisci quia. Reprehenderit amet temporibus architecto iusto vel.','0','2011-10-05 23:28:49'),
('197','9','8','Magni repellat non magnam minus facere ipsam eaque. Repellendus reiciendis nostrum nesciunt sed soluta et cum. Incidunt impedit voluptate et eligendi dicta dolores minus.','0','1993-11-20 10:23:01'),
('198','6','4','Aliquid mollitia aut voluptas neque. Eos rem necessitatibus corporis ut. Quia atque omnis repellat nemo et impedit earum eum. Voluptatem et voluptas quo natus quia.','1','1975-09-20 03:27:15'),
('200','5','4','Architecto et magnam odit voluptatum. Porro dolorem possimus hic ut. Ratione excepturi autem amet a ad qui est ut.','0','2001-06-22 00:36:50'); 


DROP TABLE IF EXISTS `photos`;
CREATE TABLE `photos` (
  `id` bigint(20) unsigned NOT NULL AUTO_INCREMENT,
  `user_id` bigint(20) unsigned NOT NULL,
  `description` varchar(255) COLLATE utf8_unicode_ci DEFAULT NULL,
  `created_at` datetime DEFAULT current_timestamp(),
  PRIMARY KEY (`id`),
  KEY `user_id` (`user_id`),
  CONSTRAINT `photos_ibfk_1` FOREIGN KEY (`user_id`) REFERENCES `users` (`id`)
) ENGINE=InnoDB AUTO_INCREMENT=101 DEFAULT CHARSET=utf8 COLLATE=utf8_unicode_ci;

INSERT INTO `photos` VALUES ('1','1','http://lorempixel.com/640/480/','1996-02-16 16:14:13'),
('2','2','http://lorempixel.com/640/480/','2009-10-19 19:48:39'),
('3','3','http://lorempixel.com/640/480/','2000-01-16 17:03:17'),
('4','4','http://lorempixel.com/640/480/','2005-05-29 15:57:49'),
('5','5','http://lorempixel.com/640/480/','1999-10-31 07:19:57'),
('6','6','http://lorempixel.com/640/480/','2009-08-20 06:38:24'),
('7','7','http://lorempixel.com/640/480/','1997-01-10 14:58:35'),
('8','8','http://lorempixel.com/640/480/','1975-03-09 04:15:56'),
('9','9','http://lorempixel.com/640/480/','2003-11-21 14:20:19'),
('10','10','http://lorempixel.com/640/480/','2019-05-07 09:54:03'),
('11','11','http://lorempixel.com/640/480/','1987-07-03 07:07:16'),
('12','12','http://lorempixel.com/640/480/','2016-09-24 04:52:59'),
('13','13','http://lorempixel.com/640/480/','2010-10-01 00:28:03'),
('14','14','http://lorempixel.com/640/480/','2012-11-15 12:38:19'),
('15','15','http://lorempixel.com/640/480/','2009-09-15 12:45:06'),
('16','16','http://lorempixel.com/640/480/','1986-04-07 05:27:22'),
('17','17','http://lorempixel.com/640/480/','2019-09-30 18:09:34'),
('18','18','http://lorempixel.com/640/480/','2001-07-18 12:20:47'),
('19','19','http://lorempixel.com/640/480/','1981-03-08 02:33:17'),
('20','20','http://lorempixel.com/640/480/','1974-09-28 04:29:46'),
('21','21','http://lorempixel.com/640/480/','2005-07-09 22:27:37'),
('22','22','http://lorempixel.com/640/480/','1999-06-03 15:38:58'),
('23','23','http://lorempixel.com/640/480/','1971-11-03 14:18:15'),
('24','24','http://lorempixel.com/640/480/','2003-12-03 05:34:30'),
('25','25','http://lorempixel.com/640/480/','1995-05-17 02:43:12'),
('26','26','http://lorempixel.com/640/480/','2001-04-21 00:15:38'),
('27','27','http://lorempixel.com/640/480/','2015-07-22 12:29:44'),
('28','28','http://lorempixel.com/640/480/','1979-03-10 13:31:08'),
('29','29','http://lorempixel.com/640/480/','1991-03-18 23:13:09'),
('30','30','http://lorempixel.com/640/480/','1977-02-28 05:16:54'),
('31','31','http://lorempixel.com/640/480/','1985-01-30 12:36:12'),
('32','32','http://lorempixel.com/640/480/','2020-05-10 06:25:08'),
('33','33','http://lorempixel.com/640/480/','1995-07-17 10:32:46'),
('34','34','http://lorempixel.com/640/480/','1986-07-07 07:52:28'),
('35','35','http://lorempixel.com/640/480/','1996-02-02 20:01:12'),
('36','36','http://lorempixel.com/640/480/','1999-11-27 15:41:22'),
('37','37','http://lorempixel.com/640/480/','1982-04-23 03:18:01'),
('38','38','http://lorempixel.com/640/480/','2005-06-23 10:23:17'),
('39','39','http://lorempixel.com/640/480/','1980-12-23 00:24:27'),
('40','40','http://lorempixel.com/640/480/','2004-01-15 18:46:27'),
('41','41','http://lorempixel.com/640/480/','1994-07-10 08:59:39'),
('42','42','http://lorempixel.com/640/480/','2003-02-22 18:13:55'),
('43','43','http://lorempixel.com/640/480/','2009-11-01 17:57:15'),
('44','44','http://lorempixel.com/640/480/','2009-12-03 03:22:10'),
('45','45','http://lorempixel.com/640/480/','1985-08-17 00:48:14'),
('46','46','http://lorempixel.com/640/480/','1973-03-19 15:28:08'),
('47','47','http://lorempixel.com/640/480/','1977-12-09 10:10:52'),
('48','48','http://lorempixel.com/640/480/','1988-12-25 04:19:29'),
('49','49','http://lorempixel.com/640/480/','2012-12-28 08:51:13'),
('50','50','http://lorempixel.com/640/480/','1981-09-12 11:06:20'),
('51','51','http://lorempixel.com/640/480/','1979-10-16 00:34:49'),
('52','52','http://lorempixel.com/640/480/','1996-04-13 12:57:51'),
('53','53','http://lorempixel.com/640/480/','1997-03-23 03:57:33'),
('54','54','http://lorempixel.com/640/480/','2014-03-29 20:06:00'),
('55','55','http://lorempixel.com/640/480/','1986-04-28 10:41:24'),
('56','56','http://lorempixel.com/640/480/','1984-11-15 12:51:16'),
('57','57','http://lorempixel.com/640/480/','1991-04-12 02:49:02'),
('58','58','http://lorempixel.com/640/480/','2000-07-23 20:04:43'),
('59','59','http://lorempixel.com/640/480/','1987-01-05 23:33:31'),
('60','60','http://lorempixel.com/640/480/','1985-01-27 04:05:57'),
('61','61','http://lorempixel.com/640/480/','2014-11-18 01:37:46'),
('62','62','http://lorempixel.com/640/480/','1980-06-15 10:34:55'),
('63','63','http://lorempixel.com/640/480/','2017-09-29 06:49:48'),
('64','64','http://lorempixel.com/640/480/','1998-03-20 16:41:26'),
('65','65','http://lorempixel.com/640/480/','2012-06-27 04:12:25'),
('66','66','http://lorempixel.com/640/480/','1989-09-15 12:42:12'),
('67','67','http://lorempixel.com/640/480/','2004-11-08 21:35:33'),
('68','68','http://lorempixel.com/640/480/','1981-02-06 02:54:26'),
('69','69','http://lorempixel.com/640/480/','1993-08-14 03:14:36'),
('70','70','http://lorempixel.com/640/480/','1970-06-14 14:26:42'),
('71','71','http://lorempixel.com/640/480/','1998-06-10 06:25:52'),
('72','72','http://lorempixel.com/640/480/','2010-10-16 13:46:43'),
('73','73','http://lorempixel.com/640/480/','1972-04-04 23:13:44'),
('74','74','http://lorempixel.com/640/480/','2011-03-22 19:17:37'),
('75','75','http://lorempixel.com/640/480/','2014-05-11 01:27:53'),
('76','76','http://lorempixel.com/640/480/','2008-11-08 23:08:20'),
('77','77','http://lorempixel.com/640/480/','2020-03-29 00:44:34'),
('78','78','http://lorempixel.com/640/480/','2008-08-21 00:56:44'),
('79','79','http://lorempixel.com/640/480/','1995-12-18 11:05:02'),
('80','80','http://lorempixel.com/640/480/','1995-07-07 13:01:14'),
('81','81','http://lorempixel.com/640/480/','1986-07-05 19:53:54'),
('82','82','http://lorempixel.com/640/480/','2007-04-09 05:25:13'),
('83','83','http://lorempixel.com/640/480/','2012-04-06 07:40:09'),
('84','84','http://lorempixel.com/640/480/','2015-05-16 13:25:02'),
('85','85','http://lorempixel.com/640/480/','1980-11-19 01:17:26'),
('86','86','http://lorempixel.com/640/480/','2010-12-12 14:43:10'),
('87','87','http://lorempixel.com/640/480/','1980-08-30 09:12:46'),
('88','88','http://lorempixel.com/640/480/','2004-11-23 21:54:39'),
('89','89','http://lorempixel.com/640/480/','2015-07-04 11:05:32'),
('90','90','http://lorempixel.com/640/480/','1981-03-08 11:47:56'),
('91','91','http://lorempixel.com/640/480/','1975-01-19 03:37:35'),
('92','92','http://lorempixel.com/640/480/','1997-10-19 06:39:23'),
('93','93','http://lorempixel.com/640/480/','2003-01-28 00:23:28'),
('94','94','http://lorempixel.com/640/480/','1974-01-31 15:51:35'),
('95','95','http://lorempixel.com/640/480/','1994-03-11 05:10:37'),
('96','96','http://lorempixel.com/640/480/','1977-10-10 14:53:26'),
('97','97','http://lorempixel.com/640/480/','2003-10-26 10:01:03'),
('98','98','http://lorempixel.com/640/480/','1993-03-09 19:06:31'),
('99','99','http://lorempixel.com/640/480/','2006-03-29 06:40:57'),
('100','100','http://lorempixel.com/640/480/','2011-12-18 03:06:47'); 


DROP TABLE IF EXISTS `posts`;
CREATE TABLE `posts` (
  `id` bigint(20) unsigned NOT NULL AUTO_INCREMENT,
  `user_id` bigint(20) unsigned NOT NULL,
  `body` text COLLATE utf8_unicode_ci DEFAULT NULL,
  `created_at` datetime DEFAULT current_timestamp(),
  `updated_at` datetime DEFAULT NULL,
  PRIMARY KEY (`id`),
  KEY `user_id` (`user_id`),
  CONSTRAINT `posts_ibfk_1` FOREIGN KEY (`user_id`) REFERENCES `users` (`id`)
) ENGINE=InnoDB AUTO_INCREMENT=101 DEFAULT CHARSET=utf8 COLLATE=utf8_unicode_ci;

INSERT INTO `posts` VALUES ('1','1','Voluptatibus officiis quae distinctio reiciendis iste iusto. Odio in ab hic eaque.','2010-01-12 12:41:44','1994-09-29 15:51:49'),
('2','2','Consequuntur voluptas maiores ducimus laudantium. Provident odit itaque quia et non et. Nisi accusamus autem quas rerum ipsum mollitia fugit voluptas. Aliquid natus perspiciatis dignissimos.','1986-09-30 16:57:13','2009-05-30 20:15:41'),
('3','3','Laudantium iure ducimus consectetur voluptate sunt qui. Ipsam sunt nesciunt culpa delectus magni ut.','1994-11-21 06:31:30','1996-11-25 17:31:22'),
('4','4','Laudantium quis voluptatem ad optio quidem. Voluptatibus quia libero et temporibus illum voluptas.\nEt voluptatem et ut. Nulla molestiae deleniti sint autem quo. Quia quo architecto eos omnis.','1997-06-24 20:23:18','2015-05-24 09:31:53'),
('5','5','Culpa mollitia laudantium ut vel vero temporibus. Natus qui alias consequatur ipsam est dolor magni aut. Repellendus dicta nam sint officiis.','1993-09-19 13:17:18','1988-08-16 06:35:20'),
('6','6','Provident sequi perferendis ea dolorem. Repellat est itaque maxime tenetur. Cumque impedit temporibus tempora. Repellat officia eveniet accusantium magnam. Omnis excepturi voluptatem aut dicta.','1974-03-15 22:59:47','2000-10-07 18:09:35'),
('7','7','Pariatur aliquid est qui consequuntur vero in eveniet. Soluta provident placeat id est nam aut. Aut placeat nesciunt temporibus et qui molestiae doloremque. Qui a eum ullam minus in laudantium nulla.','2001-12-18 14:36:42','2002-06-01 18:19:48'),
('8','8','Veniam sit aut distinctio et quia adipisci. Quia eum est ut porro. Minus facilis molestiae voluptas debitis laboriosam est iusto. Enim provident incidunt minima sunt omnis.','1997-09-19 19:50:39','1996-05-06 11:53:06'),
('9','9','Et enim ullam harum ut. Sed omnis et deserunt autem sequi. Rerum repudiandae dolore non eius quas.','2003-01-01 01:18:06','2008-03-15 04:40:41'),
('10','10','Aperiam totam dolore atque. Quis et deserunt aliquam omnis. Qui sit nostrum quae harum consectetur neque perspiciatis sed. Sit adipisci recusandae est maiores libero ipsa.','2015-11-28 23:28:24','1994-01-30 15:17:04'),
('11','11','Voluptatum excepturi libero et similique nisi error. Est libero ut qui culpa distinctio quis. Maxime non quo et nihil quas voluptatem.','1996-12-01 00:38:56','2018-08-31 02:33:54'),
('12','12','Fuga est aut dignissimos. Nisi quis ab quas est tenetur ipsa.','2020-04-25 13:18:24','2012-11-25 11:01:01'),
('13','13','Dolor eveniet dolor necessitatibus cupiditate. Illo possimus provident officiis odio id.','2002-03-22 22:00:02','2007-08-20 09:36:34'),
('14','14','Quis corporis porro praesentium dolor. Doloremque dolore minima repellendus voluptatem. Quae sit aspernatur delectus ut quia tempora magnam. Nihil nisi aut aliquid ab repellendus qui.','2009-12-27 01:37:37','1973-11-26 06:45:08'),
('15','15','Eveniet harum natus voluptas sint illo eveniet. Officiis vitae dolorem modi esse sed sint quo. Quisquam ipsum excepturi quia harum. Amet doloremque explicabo quis quis fugiat et eveniet dicta.','2017-10-13 12:45:40','2007-05-30 18:32:24'),
('16','16','Fuga veniam dolor temporibus commodi rerum non voluptatem. Sit consequatur non voluptatem sint sed molestias. Omnis praesentium recusandae eum.','1981-04-21 17:18:06','1991-01-16 02:12:12'),
('17','17','Delectus et explicabo ratione ut placeat ab aut quisquam. Blanditiis nemo et doloribus nostrum quia rerum rerum voluptatem. Aut tenetur sequi dolorum est.','2018-06-17 06:42:10','2017-05-26 10:55:38'),
('18','18','Temporibus vel eos quam similique. Non cum magni optio quia dolor aliquam. Non inventore nemo non.','1981-12-07 17:43:22','1998-09-21 09:35:06'),
('19','19','Sint ut mollitia facere dolorem id et. Repellendus rerum qui earum qui eveniet beatae. Voluptas laboriosam placeat laborum est.','1983-03-14 19:38:11','2017-06-28 11:07:16'),
('20','20','Et voluptatem rerum quod voluptas. Suscipit nemo aut voluptates vel excepturi tempora. Atque omnis omnis ab accusantium delectus. Esse libero qui officiis. Esse tempore voluptatem dolore.','1984-07-29 16:16:58','2020-02-25 12:52:00'),
('21','21','Deserunt iure quibusdam blanditiis reprehenderit et. Optio et dolorem quos fugit autem repudiandae repellat dicta. Debitis nisi est repellat in.','1970-05-13 03:35:33','2011-03-27 09:35:59'),
('22','22','Dolor veritatis ut consequatur explicabo. Et eos tenetur aut sit perspiciatis.','1979-11-03 02:01:00','1979-11-06 10:13:21'),
('23','23','Aut veniam blanditiis ratione ut architecto. Est accusantium provident nam eaque repellendus eligendi. Similique vitae explicabo aliquid quidem ut omnis.','2014-11-16 20:50:40','1989-04-13 15:10:43'),
('24','24','Accusamus totam voluptas tenetur. Omnis quis vero ab. Possimus neque et est cupiditate nulla.\nIn est eligendi neque perferendis quia officiis cumque. Voluptatem nam a unde voluptas.','1986-09-08 18:16:27','1984-03-23 10:27:39'),
('25','25','Consequatur natus maxime sint praesentium dolor. Labore quis qui eveniet omnis dolores eligendi qui est. Dolor alias aspernatur reiciendis aperiam in. Velit et corporis nesciunt ullam culpa officia.','1974-08-25 05:45:52','1990-01-07 22:47:08'),
('26','26','Dolores non maiores illo blanditiis et ut quod. Ea quasi voluptatem a excepturi sunt. Quia sed eum sunt ex itaque nobis dolore. Sit ipsum ex tempore aliquam.','2018-12-04 06:45:54','1990-06-08 14:21:36'),
('27','27','Nihil aut voluptatem voluptates aliquam. Eum dolorum dolores omnis cupiditate non vero quis. Rem ex omnis nulla id exercitationem vero. Culpa veniam aperiam sint qui voluptas consequuntur tenetur.','2003-01-08 17:14:58','1993-09-17 16:31:06'),
('28','28','Consequatur culpa fuga voluptatem eum laborum ut. Eligendi iure enim animi in fugiat earum. Praesentium nihil laboriosam ut temporibus dolor est minima. Nobis voluptas iusto debitis in dolorem.','1975-08-18 05:57:30','2006-04-16 00:34:09'),
('29','29','Aliquid voluptatibus enim voluptatibus labore. Debitis eos omnis consequatur occaecati ut. Sunt omnis nemo sit accusantium reprehenderit.','2017-11-29 19:14:20','2001-05-29 10:27:43'),
('30','30','Et sed fugiat aspernatur labore labore eius aut. Consequuntur nihil necessitatibus non non illum. Qui corrupti molestiae sunt quaerat. Est rerum neque tenetur qui dolorem voluptas.','1972-07-01 22:48:15','1991-01-26 11:08:06'),
('31','31','Ea quae et voluptatum quis. Aperiam soluta ex ea voluptatum ut. Dicta quo doloremque quibusdam qui illo quisquam ratione.','1986-09-07 08:46:44','2009-06-18 09:15:24'),
('32','32','Ipsa assumenda quas odit voluptatem. Ea recusandae eveniet vel recusandae amet aut itaque. Nisi autem excepturi numquam sapiente ducimus rerum quasi incidunt.','1974-03-05 06:38:31','1971-08-19 11:39:08'),
('33','33','Eos deserunt neque vel. Delectus reprehenderit eaque in quia et a distinctio sit. Id tempore illo est in similique et sapiente.','1995-03-28 13:16:07','2011-02-18 20:10:11'),
('34','34','Doloribus in repudiandae est aut quam error. Et eum voluptatem consequuntur est qui consequatur est. Et eligendi occaecati temporibus ut inventore similique est.','2019-11-19 10:27:07','1998-11-14 12:28:37'),
('35','35','Illum eum ut et porro dolor rem. Qui illum est perspiciatis quis.','1977-08-17 03:56:03','1970-12-15 14:01:56'),
('36','36','Tempore sunt eum qui vero optio. Eligendi ipsa eos et et voluptas nihil sit. Ut voluptas sint quae vel provident maxime. Nam qui perferendis pariatur explicabo.','1993-03-18 16:22:07','2009-04-18 15:48:07'),
('37','37','Ipsum dolorum illum optio quia et sunt non aut. Deserunt voluptas dolor illo cum recusandae vel. Quod culpa sit quo aut.','2012-06-09 19:36:19','1973-06-16 00:14:36'),
('38','38','Repellendus cupiditate eum qui ut. Ipsam voluptatibus repudiandae omnis recusandae aliquid itaque quisquam. Unde quidem fuga est.','1986-12-26 13:52:32','2018-03-15 04:46:04'),
('39','39','Consequatur fuga rerum aut minus sapiente consequatur. Et magni eveniet et expedita sit quod porro iusto. Qui fugit veniam nesciunt et qui dolores. Enim et esse est.','2019-02-02 00:28:08','1997-03-02 12:36:43'),
('40','40','Commodi qui voluptatem consectetur numquam animi qui. Vitae architecto alias consequatur odio eius voluptate vitae. Eius repudiandae tenetur consequatur ut aut quod.','1989-05-23 06:21:28','1992-09-06 02:18:55'),
('41','41','Aut possimus iure quibusdam odit unde rem. Necessitatibus aut accusantium qui reiciendis vel qui esse. Id perferendis magni neque error et.','1975-02-16 15:15:17','1977-02-12 00:46:33'),
('42','42','Ad magnam et enim. Rem magnam amet rerum dolor alias. Cum cumque enim natus sunt tenetur ea.','1986-02-07 19:05:21','1983-10-13 22:30:08'),
('43','43','Beatae consequuntur nihil autem molestiae. Consequatur voluptatem voluptates ipsam iure aspernatur. Facere earum nihil blanditiis et.','1979-12-29 14:31:12','1981-11-02 00:44:26'),
('44','44','Iusto excepturi nemo corporis voluptate quis aut assumenda. Sequi repellendus sit eos facere odio vero labore. Mollitia voluptatem sunt dolor laboriosam esse repellat.','2003-05-03 12:41:03','2015-01-31 09:13:13'),
('45','45','Nemo ex omnis vel rem. Qui odit consectetur dignissimos numquam commodi voluptate. Sapiente tempora qui occaecati commodi. A minus rem dolorum tempora quae.','1995-06-26 03:22:48','2006-12-10 04:12:49'),
('46','46','Explicabo dolore optio alias exercitationem cum. Quia distinctio atque est architecto officia. Molestiae nisi id quod aut eius sed. Pariatur ratione illo aut est iusto reprehenderit.','1971-07-26 20:07:59','2006-07-19 13:42:36'),
('47','47','Labore consequatur consequatur molestias molestiae. Nostrum et maiores quos consequatur at voluptatem et quam. Ipsa occaecati enim laudantium eveniet necessitatibus occaecati non tenetur.','1985-06-11 12:07:31','1972-03-07 08:23:39'),
('48','48','Quis deserunt repellendus nulla quasi et. Alias asperiores neque ut. Sit alias quidem aut provident assumenda. Voluptatem dolorem impedit aut velit consequatur dolores.','1997-06-06 05:18:12','1992-10-27 13:08:59'),
('49','49','Nostrum rerum quaerat dolor ab. Sit quidem aliquam dolores beatae. Nulla rem aspernatur eveniet possimus sit dolorem. Voluptas placeat a sapiente unde et. Beatae sapiente id facere cumque.','1976-12-29 22:53:55','1991-05-31 11:39:33'),
('50','50','Sunt doloribus culpa odit. Reprehenderit molestias cupiditate dolores et voluptate et quia. Laboriosam dolor numquam ex qui beatae maxime pariatur. Porro cupiditate nam occaecati sed amet.','2017-12-01 21:35:35','2019-03-24 03:18:47'),
('51','51','Corporis repellendus aliquid nihil ratione. Quod sint nobis quisquam voluptas nihil architecto eveniet et. Tempore natus omnis ea in. Perferendis voluptas dolore aut voluptas aut.','1973-12-20 20:53:14','1983-05-10 21:18:51'),
('52','52','Ea qui ipsa modi quia. Repellat excepturi maxime hic voluptate omnis ratione velit impedit. Ut ea natus occaecati veritatis dicta qui. Qui quia porro dolor ab et enim et.','2014-12-30 06:13:00','1980-09-28 00:54:38'),
('53','53','Voluptatem dicta esse aut facere commodi. Occaecati consequuntur harum omnis voluptatibus repudiandae. Sapiente labore possimus ut officia minus in.','1974-12-08 10:29:42','1980-03-03 02:58:30'),
('54','54','Voluptate et exercitationem laboriosam debitis quae. Maiores odio ullam beatae a neque. Est consequatur ut in velit ut voluptatem quasi. In eligendi dolores architecto quo quisquam maiores dolores.','1992-06-14 14:30:55','1977-03-05 06:19:41'),
('55','55','Accusamus laboriosam aut sit veniam iure et. Corrupti neque animi in nostrum vel qui et. Minima aliquam ut dicta amet ut consectetur cum sit.','1973-11-04 11:17:16','2004-08-16 02:47:00'),
('56','56','Quisquam qui qui aut adipisci eos eum optio. Praesentium ipsum aperiam doloremque delectus.\nEos illo repellat sint eos veniam. Quia in at aut neque eligendi quia.','1982-11-25 17:30:10','1991-05-11 14:57:19'),
('57','57','Earum facilis delectus harum omnis amet. Accusamus tempore aliquid sit. Ut est aspernatur in.','2019-11-22 13:21:42','2010-08-24 19:02:33'),
('58','58','Occaecati ut dolores voluptas ullam et perspiciatis aut. Aut facere voluptatem possimus repellendus ut. Numquam est vero beatae suscipit cupiditate. Quo magnam qui impedit aut.','2017-12-28 04:38:22','2000-08-09 01:53:25'),
('59','59','Similique eos sed et id. Velit odit a sunt fuga unde. Ea atque rem vel temporibus.','1988-09-23 21:58:30','1992-08-01 18:54:09'),
('60','60','Sint corrupti voluptas possimus qui fugit repellat. Molestiae ut non quas ea labore. Ipsum est atque animi quaerat.','2015-10-30 22:22:45','1971-01-18 19:05:56'),
('61','61','Labore et amet cupiditate tempore aut dolores. Qui nobis non cum sed. Sed tenetur voluptatem id omnis et velit perferendis.','1970-04-18 20:35:17','1976-10-13 17:45:34'),
('62','62','Omnis non magnam dolorum voluptatem. Sed non ducimus qui quidem asperiores eos sequi fugiat. Sit voluptatum ex illum et nihil harum. Excepturi sit sint dolores in rerum. Earum velit nulla cum aut.','1977-12-17 07:30:57','1980-04-25 13:32:49'),
('63','63','Corporis incidunt doloribus aliquam velit corporis beatae. Natus a aliquam inventore illo provident modi.','2014-01-15 14:52:41','1993-05-28 21:01:52'),
('64','64','Impedit qui aliquid magni. Sunt reprehenderit voluptatem eius sit unde ut aut. Ea reiciendis pariatur laboriosam quae porro dolor.','1979-09-15 09:18:13','2009-01-19 05:51:27'),
('65','65','Dicta nisi vitae hic ut. Voluptas rerum corporis quo quam. Illo sunt est sapiente sit maxime.\nDeserunt porro sed iusto voluptatem. Delectus at aspernatur voluptatem enim nulla quo et.','1993-08-18 02:07:10','1994-12-22 10:53:56'),
('66','66','Alias voluptatem qui quia eum amet sapiente. Aliquid incidunt et mollitia iure. Soluta culpa repellat autem.','1991-10-02 17:50:03','1972-03-24 04:32:30'),
('67','67','Quae non qui voluptatem est consequuntur ipsam. Et ipsam et a voluptas aut deserunt blanditiis. Dolores error dolorum voluptas dolores corporis et modi. Temporibus nemo ratione ut amet quae.','1976-05-01 15:48:17','1998-05-14 00:11:17'),
('68','68','Et necessitatibus et culpa praesentium sint enim. Autem voluptatibus atque laudantium reiciendis ut. Aut officiis aut aut eius culpa. Adipisci corporis necessitatibus aut dignissimos.','1993-07-24 06:20:14','2000-10-11 12:21:12'),
('69','69','Iste enim facere quaerat expedita. Ut placeat itaque aliquam numquam saepe. Non animi iure repudiandae ab rerum molestias. Consequatur laudantium qui et rerum sit sunt voluptas.','1984-07-16 23:12:06','1975-02-05 17:44:41'),
('70','70','Blanditiis aut aut quis dicta sit. Qui cumque eum quia quo accusantium cupiditate expedita officia. Eveniet quasi atque ad nisi quia sunt repellendus.','1993-01-22 06:48:02','1980-05-09 16:36:59'),
('71','71','Necessitatibus et officia voluptas adipisci quos aperiam dignissimos. Sit sed quibusdam iste quasi. Voluptatem incidunt doloremque in nihil.','1999-12-09 15:13:31','1985-04-02 00:24:37'),
('72','72','Et inventore vel odio vel. Aperiam quidem praesentium quo vero molestiae. Necessitatibus est voluptates quas hic nulla eos nemo corrupti. Consequatur doloribus optio voluptate quis.','1984-05-30 13:00:40','1985-05-29 04:37:11'),
('73','73','Neque sunt aliquam error. Optio blanditiis non et eligendi accusamus doloribus nobis ducimus. Quia quia repellat labore qui fuga voluptatibus.','2018-01-26 02:13:42','1989-04-18 16:18:06'),
('74','74','Iure voluptatem sapiente vero adipisci cumque omnis. Et beatae laboriosam architecto ad dolor repudiandae corrupti numquam. Impedit totam ab maxime ad. Quia nulla excepturi nemo quae.','1990-04-25 08:40:28','1977-05-13 04:49:43'),
('75','75','Vel ab quia debitis similique. Ipsum modi eos quidem eos. Officia in rem dolorem dolor. Sit reprehenderit labore assumenda ea aut quos reprehenderit odio.','1976-05-17 05:03:02','1976-06-19 10:58:13'),
('76','76','Dolorum a fugiat vel autem assumenda. Qui ut ipsam ab quisquam veritatis.\nVoluptatem quas eos voluptatem dignissimos magni. Et expedita illo ea cum sint illum quia. Rem quia et enim et odit et.','1981-11-15 23:33:17','2001-04-15 01:29:53'),
('77','77','Minima sint sapiente voluptas consequatur officiis. Facilis quia corporis a. Non magni praesentium quia eum ut. Assumenda qui earum quod et porro similique sunt.','1988-11-14 13:48:27','2019-06-17 03:42:26'),
('78','78','Consequatur consequuntur officia est sunt est non. Dolore ut nesciunt nostrum reprehenderit inventore. Non autem aut quod est porro.','1977-03-29 07:37:25','1984-04-26 05:31:41'),
('79','79','Blanditiis nihil doloremque debitis optio officia ea. Inventore doloremque debitis nulla qui cumque magnam sit. Dolor sunt est voluptatem eius corrupti. Quidem excepturi sit quia.','1971-01-03 21:44:09','2018-04-08 21:12:53'),
('80','80','Adipisci qui et velit sit. Eum eaque voluptatem ut sequi. Voluptatum non omnis explicabo eum.','1980-09-02 03:49:29','2013-07-21 05:42:42'),
('81','81','Culpa magni eum a maiores dicta. Porro a velit explicabo ratione et ducimus eius. Ut maxime sapiente et ut ipsum. Sit rerum ratione laborum corrupti.','2000-01-29 10:28:23','2012-08-27 14:06:03'),
('82','82','Repellat vitae et perspiciatis officia labore non autem. Qui repudiandae ratione eaque aspernatur dolorem vel. Maxime ea laborum illo sequi praesentium.','1994-06-17 14:36:00','1979-04-09 10:53:57'),
('83','83','Qui et vel voluptatem commodi fuga tempora sequi. Soluta nulla rerum dolores. Consectetur voluptatem ullam repellat dolorum. Ut amet atque dignissimos commodi provident provident magnam.','1990-09-05 06:56:20','2009-08-13 18:10:03'),
('84','84','Necessitatibus quis voluptatibus distinctio vel voluptas consectetur sit illum. Doloremque minus ipsa quia perferendis deleniti et voluptatem. Asperiores nulla labore eveniet nihil amet est deserunt.','1971-04-22 15:05:41','1998-10-11 01:57:37'),
('85','85','In nulla delectus sequi unde sed. Ut iure sint cupiditate illum laudantium eius facere. Molestiae est consequuntur accusantium nemo. Dignissimos ea quo sapiente aut quaerat aspernatur dolores.','2004-02-20 22:11:46','2009-04-26 15:32:47'),
('86','86','Et sequi est deserunt omnis. Quia qui repellat voluptas nihil. Soluta et tempora dolores voluptate. Officia aut ipsam et ratione maiores. Qui repellat ipsum id sit beatae.','2008-11-01 20:37:01','1985-07-30 22:13:19'),
('87','87','Maiores ea sunt voluptates voluptatem ut voluptate et ratione. Assumenda est asperiores quis maxime nihil et voluptates. Doloremque error quia ullam ea repudiandae. Eos nam voluptatem rem quos.','2007-12-19 11:20:38','2014-04-28 19:23:24'),
('88','88','Consectetur velit ipsam maxime quas. Maxime omnis et officiis dolor facere qui et. Quo natus qui dolorem illo. Atque voluptatem eos et rerum minus explicabo sunt.','1974-10-16 04:19:21','2007-03-11 15:00:58'),
('89','89','Et aut corrupti quas. Sit reprehenderit excepturi labore deserunt molestiae accusamus doloribus. Minus quasi consequuntur reprehenderit provident et nihil vitae.','1972-10-15 05:44:47','2007-10-10 19:52:56'),
('90','90','Maxime tempora reprehenderit eveniet distinctio nulla. Nobis nihil eos sit non voluptatem eaque sequi quod. Eius dolorem maxime assumenda repellat.','1970-10-14 10:13:53','2016-12-14 21:05:34'),
('91','91','Qui consequatur deleniti sequi quisquam harum. Rerum debitis est aut eligendi. Consequatur quos quis dolore ut quaerat sint. Et debitis aut libero enim sint ut.','2013-07-01 01:57:35','1974-04-07 02:42:11'),
('92','92','Et nihil eligendi ullam vitae. Aliquam ipsum temporibus non sit. Et veritatis numquam est quia. Tempora aliquid quos possimus aut laudantium dolorem eaque. Voluptas ea accusantium rerum qui.','2015-06-29 05:44:32','1975-11-22 05:00:23'),
('93','93','Culpa quo eum voluptatem vero iste quas consequatur. Dolor aut corrupti vero est odit sunt. Maiores dolor dicta id ea.','1976-01-04 00:58:12','2000-10-24 19:10:23'),
('94','94','Voluptatibus aut suscipit eos. Et perspiciatis est consequatur velit sint. Nam et sapiente totam et est repellat.','2015-02-28 22:59:24','1973-10-23 04:51:09'),
('95','95','Minus incidunt quis qui eum. Minima veritatis eum accusantium debitis. Ratione sint minima voluptas quas occaecati. Vel odio omnis molestiae.','2006-06-25 06:19:48','1998-02-16 10:55:51'),
('96','96','Minima consequatur minima dolore quia non sit molestiae. Nobis laboriosam excepturi optio perferendis eos. Aut sunt odio aliquam debitis rem dolorem molestias. Et doloremque quod est ipsa eligendi.','1999-06-25 20:03:04','2014-06-30 13:36:02'),
('97','97','Facere recusandae ut delectus quis tempore quae. Odio aspernatur aperiam at neque tempora ut. Molestias temporibus nostrum et ut eos.','2008-05-12 14:07:26','1997-10-28 21:43:41'),
('98','98','Nulla corrupti ad eaque sint tenetur. Dolorem id exercitationem aliquam rerum eum est. Eum debitis aperiam velit. Quas animi adipisci sunt omnis voluptatem blanditiis eius et.','1978-11-21 00:46:50','2016-12-21 20:15:01'),
('99','99','Aspernatur est sapiente nemo at corporis. Omnis placeat magni hic illo. A iure odio eum. Ea fuga est quasi culpa quo. Magnam omnis necessitatibus ut nulla laboriosam.','1989-01-17 01:43:14','2011-03-31 21:49:37'),
('100','100','Aut saepe sed veniam necessitatibus. Quia ipsam molestiae voluptatem blanditiis et. Quas voluptatem esse facilis et id voluptatem. Corporis optio quam laboriosam qui sed.','1978-04-11 04:02:14','1976-12-05 23:49:43'); 


DROP TABLE IF EXISTS `settings`;
CREATE TABLE `settings` (
  `user_id` bigint(20) unsigned NOT NULL AUTO_INCREMENT,
  `can_see` enum('all','friends_of_friends','friends') COLLATE utf8_unicode_ci DEFAULT NULL,
  `can_comment` enum('all','friends_of_friends','friends','nobody') COLLATE utf8_unicode_ci DEFAULT NULL,
  `can_message` enum('all','friends_of_friends','friends') COLLATE utf8_unicode_ci DEFAULT NULL,
  `can_likes` enum('all','friends_of_friends','friends','nobody') COLLATE utf8_unicode_ci DEFAULT NULL,
  PRIMARY KEY (`user_id`),
  CONSTRAINT `settings_ibfk_1` FOREIGN KEY (`user_id`) REFERENCES `users` (`id`)
) ENGINE=InnoDB AUTO_INCREMENT=101 DEFAULT CHARSET=utf8 COLLATE=utf8_unicode_ci;

INSERT INTO `settings` VALUES ('1','all','friends_of_friends','all','friends'),
('2','friends','friends','all','friends'),
('3','friends','friends','friends','friends'),
('4','friends_of_friends','all','friends_of_friends','all'),
('5','all','all','all','friends'),
('6','all','friends_of_friends','all','nobody'),
('7','friends_of_friends','all','friends_of_friends','all'),
('8','friends','friends_of_friends','all','all'),
('9','all','nobody','all','nobody'),
('10','friends_of_friends','friends_of_friends','friends','friends_of_friends'),
('11','friends','all','friends','friends'),
('12','all','friends_of_friends','all','friends_of_friends'),
('13','all','nobody','friends_of_friends','friends'),
('14','friends_of_friends','nobody','all','friends'),
('15','friends','friends','friends_of_friends','all'),
('16','friends_of_friends','nobody','friends','friends'),
('17','friends_of_friends','friends_of_friends','friends','nobody'),
('18','friends','nobody','all','nobody'),
('19','all','nobody','friends','all'),
('20','friends_of_friends','all','all','friends'),
('21','friends','friends_of_friends','all','nobody'),
('22','friends_of_friends','friends_of_friends','friends_of_friends','friends_of_friends'),
('23','friends','all','friends_of_friends','nobody'),
('24','friends_of_friends','all','friends_of_friends','nobody'),
('25','friends_of_friends','friends_of_friends','friends_of_friends','all'),
('26','friends_of_friends','nobody','friends','all'),
('27','all','friends_of_friends','friends_of_friends','friends'),
('28','all','friends','friends_of_friends','friends_of_friends'),
('29','friends_of_friends','friends','friends','all'),
('30','friends_of_friends','all','friends','nobody'),
('31','friends_of_friends','friends_of_friends','friends','nobody'),
('32','friends_of_friends','friends_of_friends','friends','friends'),
('33','friends_of_friends','friends','friends_of_friends','nobody'),
('34','friends','friends_of_friends','friends_of_friends','friends_of_friends'),
('35','friends','friends','friends_of_friends','friends_of_friends'),
('36','friends','all','friends','all'),
('37','friends','friends','all','friends'),
('38','all','all','friends_of_friends','all'),
('39','friends','all','all','friends'),
('40','friends','all','friends_of_friends','friends'),
('41','friends_of_friends','friends_of_friends','friends','nobody'),
('42','friends','friends_of_friends','friends_of_friends','all'),
('43','friends','friends','all','friends_of_friends'),
('44','friends','friends_of_friends','friends_of_friends','friends'),
('45','friends_of_friends','all','friends_of_friends','friends'),
('46','friends_of_friends','friends_of_friends','friends_of_friends','friends_of_friends'),
('47','all','friends','friends_of_friends','friends'),
('48','friends_of_friends','friends_of_friends','all','friends_of_friends'),
('49','friends_of_friends','friends_of_friends','friends_of_friends','all'),
('50','all','friends','friends_of_friends','friends_of_friends'),
('51','friends_of_friends','all','friends_of_friends','friends_of_friends'),
('52','friends','all','friends_of_friends','friends'),
('53','friends','friends','friends_of_friends','friends'),
('54','all','friends_of_friends','all','all'),
('55','friends','all','friends_of_friends','nobody'),
('56','all','friends_of_friends','all','friends'),
('57','friends','nobody','friends_of_friends','friends_of_friends'),
('58','friends','friends','all','all'),
('59','all','all','friends','friends_of_friends'),
('60','friends_of_friends','friends','friends_of_friends','friends'),
('61','all','friends','friends','all'),
('62','all','all','friends','all'),
('63','all','all','friends','nobody'),
('64','friends','nobody','all','nobody'),
('65','all','all','friends','friends'),
('66','friends','nobody','friends','all'),
('67','all','all','friends_of_friends','friends_of_friends'),
('68','friends','nobody','friends_of_friends','friends_of_friends'),
('69','friends_of_friends','nobody','all','all'),
('70','all','friends_of_friends','friends_of_friends','friends'),
('71','friends_of_friends','friends','friends_of_friends','friends'),
('72','friends_of_friends','nobody','all','nobody'),
('73','friends_of_friends','nobody','all','nobody'),
('74','friends','friends','friends','friends_of_friends'),
('75','all','all','all','friends'),
('76','friends_of_friends','friends_of_friends','friends_of_friends','nobody'),
('77','friends','all','friends_of_friends','all'),
('78','friends_of_friends','all','all','all'),
('79','all','friends_of_friends','friends','all'),
('80','all','all','all','friends_of_friends'),
('81','all','friends_of_friends','friends_of_friends','nobody'),
('82','all','nobody','friends_of_friends','friends_of_friends'),
('83','friends_of_friends','friends_of_friends','friends','friends_of_friends'),
('84','all','all','friends_of_friends','nobody'),
('85','friends_of_friends','friends','friends_of_friends','friends'),
('86','all','all','friends_of_friends','nobody'),
('87','friends_of_friends','friends','friends','friends'),
('88','all','friends_of_friends','friends','nobody'),
('89','friends_of_friends','nobody','all','all'),
('90','friends','nobody','friends','friends_of_friends'),
('91','friends','nobody','all','nobody'),
('92','friends_of_friends','all','friends_of_friends','friends_of_friends'),
('93','all','friends','friends_of_friends','friends'),
('94','friends_of_friends','all','all','nobody'),
('95','friends','nobody','friends_of_friends','friends_of_friends'),
('96','friends','all','friends','friends_of_friends'),
('97','friends_of_friends','all','friends','all'),
('98','all','friends','friends_of_friends','friends'),
('99','friends_of_friends','friends_of_friends','friends_of_friends','all'),
('100','all','friends_of_friends','all','nobody'); 


DROP TABLE IF EXISTS `users`;
CREATE TABLE `users` (
  `id` bigint(20) unsigned NOT NULL AUTO_INCREMENT,
  `email` varchar(150) COLLATE utf8_unicode_ci DEFAULT NULL,
  `pass` varchar(100) COLLATE utf8_unicode_ci DEFAULT NULL,
  `name` varchar(50) COLLATE utf8_unicode_ci DEFAULT NULL,
  `surname` varchar(50) COLLATE utf8_unicode_ci DEFAULT NULL,
  `phone` varchar(20) COLLATE utf8_unicode_ci DEFAULT NULL,
  `gender` char(1) COLLATE utf8_unicode_ci DEFAULT NULL,
  `birthday` date DEFAULT NULL,
  `hometown` varchar(100) COLLATE utf8_unicode_ci DEFAULT NULL,
  `photo_id` bigint(20) unsigned DEFAULT NULL,
  `created_at` datetime DEFAULT current_timestamp(),
  PRIMARY KEY (`id`),
  UNIQUE KEY `email` (`email`),
  KEY `phone` (`phone`),
  KEY `name` (`name`,`surname`)
) ENGINE=InnoDB AUTO_INCREMENT=101 DEFAULT CHARSET=utf8 COLLATE=utf8_unicode_ci;

INSERT INTO `users` VALUES ('1','ukirlin@example.org','7e3f33c758332391662161d1f58b9a23cd6e331a','maxime','sed','08271638719',NULL,'1978-03-12','New','8','1983-06-22 12:55:36'),
('2','jean.dooley@example.net','b10bfc7308975b7c8e30130e207959d3275908a9','impedit','quidem','1-044-079-8668x741',NULL,'1992-07-17','North','8','1987-01-08 14:07:35'),
('3','pcartwright@example.net','555a81b0c5296ae494636c31bf8d1ab7a7c46e56','qui','id','602-341-8481x45613',NULL,'1987-08-06','West','0','2001-07-30 21:20:54'),
('4','williamson.rick@example.net','c2be135a4f8a8382cebe1bf967c9fdbed50ca47f','velit','quod','107-516-9990',NULL,'1980-04-19','Port','2','2018-04-29 05:04:01'),
('5','blake.padberg@example.com','1596b394f6564315a2e611c3b803cc5887ba8d7d','quia','ut','1-523-322-3637',NULL,'2020-03-24','Port','4','2012-05-24 09:12:57'),
('6','zita57@example.com','bdbf493e5ea1343c813e1f5d5c398168a5b93fdf','minima','dolor','968.909.8110x814',NULL,'2001-01-19','Lake','9','2019-01-06 01:23:38'),
('7','yhintz@example.com','2c8b35196956aaf5e49aa764023bdeb7306063bb','voluptatem','numquam','674-783-9454x717',NULL,'2001-05-01','North','1','2011-09-27 17:09:26'),
('8','kaci71@example.net','ec62762f4076d8180e175f37670906801394db73','labore','ratione','+61(9)9850718225',NULL,'1993-06-13','East','9','1999-06-08 17:38:42'),
('9','jermey70@example.net','f2fcb079a57639195bf764da28691603a9d8d1fd','id','odio','453.408.9704x43952',NULL,'1996-08-05','North','9','2018-11-06 08:13:42'),
('10','heath.o\'conner@example.org','85910e8c4190971cbf13dd70e07ad5b459cddb36','velit','odio','089-907-8836x046',NULL,'1996-12-04','Lake','5','2015-07-03 03:27:54'),
('11','lehner.jeff@example.net','fc9eb878bb05a32c02fb1803178be502bb62c499','harum','quia','267-577-8677x53595',NULL,'2001-06-15','North','9','2017-10-20 15:23:50'),
('12','schuppe.bernardo@example.org','55f3508528ff6c3ce0e6389d80adaca0f12b4428','illum','maiores','1-783-175-6346x9799',NULL,'2005-07-06','Port','9','2006-11-06 22:54:23'),
('13','anthony92@example.org','4e4c3fa9361bb19bf4474e3b254a2a278f63a993','reiciendis','qui','429-025-5497x077',NULL,'1986-03-09','Port','9','2006-04-11 22:17:34'),
('14','o\'reilly.skylar@example.org','3e61dc818146cfe64fdfa45ab93a752fec82ec91','rerum','aut','1-177-336-1242x344',NULL,'2001-12-20','East','0','1992-03-16 06:13:58'),
('15','haleigh.emmerich@example.net','2239871eac5b25965be4a7e4e87e1ed4cf15e91c','omnis','quia','241.383.0008x4389',NULL,'2011-12-21','South','8','2016-04-11 08:41:37'),
('16','lukas.marks@example.org','518678992eecc7677a5e338e22dc51c040515905','sit','cupiditate','1-856-665-0253',NULL,'2017-01-13','East','9','1970-08-25 08:43:17'),
('17','pward@example.net','e1ca6c7955607761952eaa7f399d22b620d8aae5','autem','earum','305.557.9338x8514',NULL,'1974-10-21','South','9','1986-02-10 16:19:10'),
('18','idaniel@example.org','5275aca3cc08ed0923702d02258ebda9ce017410','in','voluptas','764.905.7280x187',NULL,'2014-12-02','New','7','1998-04-23 15:03:20'),
('19','kessler.dorcas@example.com','1036f2c016c54443b62f2097f1b47798b7775a1f','id','eveniet','015-939-1219',NULL,'1974-05-14','South','1','1998-06-16 04:50:43'),
('20','francesco97@example.net','63929549a6cd7652507ba8c6b5230a873e0af35a','accusamus','ut','07009974476',NULL,'1981-01-18','Port','1','1978-06-16 22:16:19'),
('21','kertzmann.tobin@example.org','79df167523de73f291cb272fd4428739a8a993c4','minima','adipisci','664.211.1439x939',NULL,'1994-03-01','Port','3','2020-03-22 19:05:00'),
('22','ggaylord@example.org','68a877e255774707cdde2142b5e91713dcce990a','nihil','dolores','1-584-633-3685x07419',NULL,'2004-05-09','South','2','1999-01-27 02:46:51'),
('23','wyman.yesenia@example.org','16f6590b64764f38b759a871880bd1bd02085aed','nihil','molestiae','751.486.4035x200',NULL,'2017-03-03','East','8','2016-10-20 21:52:55'),
('24','sydnee30@example.org','f5d0720143112a16173f8f74d32b152daa9d859b','provident','quae','08003284378',NULL,'2002-01-08','South','2','2004-07-30 11:53:55'),
('25','bins.chadrick@example.net','4e3cee0f75caf302fa454e1b2eeb569c5a40ca62','ipsum','facilis','431-635-8933',NULL,'1978-11-11','South','7','2003-07-24 16:47:53'),
('26','ikonopelski@example.net','5ea9554736ecf37e3c637a07a327c6985b3bb162','qui','deserunt','(913)617-4921x35732',NULL,'2016-04-07','West','6','1988-05-09 12:24:51'),
('27','rrowe@example.com','506e99621ff235b78b8600f2456029ed6c4970ae','qui','incidunt','1-436-756-8833',NULL,'1995-03-13','Port','7','1985-02-20 06:24:01'),
('28','emelie.becker@example.com','a3df7b98ddfa89944834c800f033bb269fa6364c','ipsa','vitae','(357)378-2743x459',NULL,'1994-11-17','New','3','1979-02-17 13:56:40'),
('29','ettie50@example.com','15ff0e9bc05bdc53b3f20a90a8ad4ad29dac183b','amet','quo','03716940726',NULL,'1990-02-25','East','7','2015-03-23 17:34:46'),
('30','laila.kuphal@example.com','7e3f1c7f8aba4333c76173508e8c8ecd8f8307ed','nulla','porro','(352)631-3060x3928',NULL,'2010-09-12','Lake','4','2010-03-02 09:06:43'),
('31','jeanie95@example.org','969fd7da4130cb8ae763decb7b4f6c167c580d62','dolores','quod','07595823076',NULL,'2008-09-03','South','9','2015-12-19 14:06:48'),
('32','gibson.junior@example.com','dba51160b06c7712893b6785f026a06e8cc53ee6','minus','corporis','067-561-9001x28662',NULL,'1979-01-11','North','1','2017-08-13 02:46:12'),
('33','ilehner@example.com','1870ec6f3f9223a4d49ba85534f7b00185e892e5','quis','dignissimos','375-575-5000x5286',NULL,'1979-06-25','East','3','2018-09-19 13:00:41'),
('34','legros.george@example.net','657eca330f04cf8c3ab5ee80f40ca7b44b200fc0','quis','dolorem','1-229-771-1568x3029',NULL,'2001-07-22','Port','9','2018-03-09 01:43:24'),
('35','rasheed30@example.net','e13dad77d642f05114c351deb8928807abb3a83d','autem','dolorem','243-117-3266x915',NULL,'2003-01-08','Lake','5','1999-01-16 10:42:50'),
('36','verona.ondricka@example.com','406477d00b0f65e8c3b31f246ef13cb24965597d','similique','quia','224-678-2648x6117',NULL,'1976-06-14','West','9','1991-06-10 21:26:22'),
('37','ycummings@example.com','3df969f33dc352bc0c11c55f0e5f7d5fed27c382','neque','voluptatum','(139)936-4212',NULL,'1976-02-24','Port','2','2018-08-16 04:39:51'),
('38','kullrich@example.net','0445e457470d51b7432e240b1bdcbf4ded396e0d','quis','autem','02121912754',NULL,'2003-06-09','West','1','2005-08-05 14:21:43'),
('39','ashlee04@example.com','8c37b238600dea99d4be66c7024c7ee0c8695232','iusto','nostrum','1-578-631-0551',NULL,'2008-01-28','East','1','1972-02-15 23:09:06'),
('40','bobby.spencer@example.net','ae7991f41c84cf990fe9d82118800618583b1418','qui','unde','078.757.3489x9878',NULL,'1970-01-16','West','5','1982-04-17 14:20:08'),
('41','ervin.romaguera@example.net','6c1c26501763f26714e2ba89f7526efaaaf995a2','et','aut','701.594.3075x232',NULL,'1996-12-16','Port','7','2003-08-21 21:01:26'),
('42','elouise05@example.org','9b93b50fdc0cdfbd8f72afcd6eed02936b12e2d2','nostrum','eligendi','107-079-8150',NULL,'1971-02-10','Lake','1','2014-01-22 21:02:20'),
('43','ali.hodkiewicz@example.org','1208f4a8915f87f01de708f2ab8932d40dca6969','quae','sint','548-457-6000x664',NULL,'2004-08-28','Port','6','1997-05-04 10:15:56'),
('44','yflatley@example.com','138eb05b2acb61a34506d779b9e0d3e08c3e02ba','et','sint','(138)615-1602x368',NULL,'2003-09-14','South','4','1977-10-10 02:16:44'),
('45','ccormier@example.net','060937f39017545ff5ad94d10c1696a34332c2a4','accusantium','fugit','+85(5)8682992917',NULL,'2005-01-16','South','8','1997-04-29 07:27:31'),
('46','vicenta.cremin@example.net','aeac38d51d35f24489e84ac231831f6cd8d107fb','consequatur','sed','(468)865-6784x4523',NULL,'2000-09-28','West','0','1975-10-06 05:56:23'),
('47','hal61@example.com','e7ae77e31e02d6f8c9f64d2ec8030bb9211e97d8','dicta','enim','490-463-3626',NULL,'1994-07-04','Lake','3','2006-04-15 17:24:47'),
('48','libbie09@example.org','e940cbcb6d0c8c7f5109c67ba8cd8d7c063a1be9','mollitia','possimus','(338)667-5695',NULL,'1995-07-23','East','3','2014-03-11 10:04:28'),
('49','nkris@example.org','025260c935e773cec1ebc61ffa1e958d4f253ab7','architecto','voluptatum','692-948-4085x003',NULL,'2007-01-20','New','3','2013-06-02 00:29:33'),
('50','abbie76@example.org','17d22a64dfd486ec831996e9f2c53be03dae94ed','voluptas','magnam','887-669-5009x49438',NULL,'2018-08-08','East','0','2014-12-29 10:34:40'),
('51','kaleb51@example.com','fd9ecc4d60e49a4d7d1610275c15c8a5689518cc','quia','a','900-617-3146x2183',NULL,'1970-01-12','North','0','2013-12-21 13:17:22'),
('52','geovanni.pfeffer@example.net','e21c7c1812244e33448f6055ef38d8e33972c9f4','quidem','doloribus','512.764.8703x20678',NULL,'2005-09-22','North','8','1975-08-20 17:26:31'),
('53','dayana14@example.org','acf432877bff683862cfb5d5dc72188e925ed2ad','omnis','eum','(247)436-0868',NULL,'1983-12-24','New','7','2011-03-03 15:10:28'),
('54','clark19@example.net','0fca638cb90f21a72717723f6a087ae2eaea4fbf','aspernatur','quia','+71(4)4779428555',NULL,'1981-04-02','West','3','2007-09-06 09:31:58'),
('55','yrunte@example.com','6d90109e555b2800d300c516c7f00353d16528fd','ad','omnis','(335)443-0150',NULL,'1979-11-11','North','1','1988-05-12 04:19:04'),
('56','xzulauf@example.org','5df73b483a6fd632692ffc2ed5a9f2ddef09ec4a','odio','laborum','(519)624-6810',NULL,'1978-03-04','Lake','0','1999-03-06 22:18:06'),
('57','akunde@example.com','b76a33935770366be157790c9d8f095caa8b41ac','quibusdam','et','296.840.6740',NULL,'1978-04-20','West','8','1995-05-09 11:00:07'),
('58','daphney18@example.com','844ef651c4a42e6c95f68e9466cdd8c29e77f7df','harum','eligendi','1-417-142-8438x158',NULL,'2015-03-11','North','5','2015-03-07 06:52:30'),
('59','kaela.bogan@example.net','5622f4733e088d478c2bf5d5b4d4e146dca5290d','aut','dolores','193-195-3632',NULL,'2019-03-03','West','8','2017-03-10 03:11:34'),
('60','cullen.price@example.net','f006e4cffcb4694cf03b3a20aeb3ae6ae692bda0','facere','quae','1-987-304-5466',NULL,'1990-11-02','Port','5','1992-05-14 13:53:36'),
('61','hilll.orrin@example.org','d22caa66364ad8e6db1b22d94eaad1e2ba119879','soluta','in','+89(0)7304822165',NULL,'1970-04-04','East','8','1978-10-08 11:45:16'),
('62','brisa.jakubowski@example.net','4c0f096615e95157eac2f8942c1563da31db207d','laudantium','et','(443)558-7999x899',NULL,'1998-12-08','New','8','1996-05-17 16:58:06'),
('63','witting.nettie@example.org','6a1ccbfef3d5f91fb435ed5512299f6d44b7439a','aut','repudiandae','415-874-5399x28650',NULL,'1970-03-27','New','1','1976-12-05 07:28:30'),
('64','sosinski@example.com','1b3801831aa149816b3cfeb57883189051fed06e','sit','consectetur','802.126.3696',NULL,'2004-12-11','New','7','1980-03-31 19:14:02'),
('65','jovani.bergnaum@example.net','885a77743f43d0f500b2db66ff8fb61314104ebc','eveniet','error','952.474.9590x8022',NULL,'1974-12-19','East','7','1999-11-08 15:23:14'),
('66','wuckert.wilfred@example.net','ef23efbde24542dbae4bf5d5e0e40400ccbc93e2','dolorem','est','741.086.9936x05644',NULL,'2004-10-25','East','5','1997-11-26 16:09:19'),
('67','vince.moen@example.net','2bebd8cf6b728fe347b050f8f3cc99a0a509bd9c','expedita','voluptas','185.359.5293x044',NULL,'1993-09-02','New','1','1977-07-09 01:12:23'),
('68','brendan60@example.org','aa76cf7ee3f6785679a468c600f4367ed994cd36','perferendis','eius','937-477-8949',NULL,'1992-10-24','North','5','1977-11-30 14:11:09'),
('69','eo\'hara@example.com','e5765759e6a2a3ed5bbb76afd09a19914bde0d44','sapiente','repellendus','1-773-190-2372',NULL,'1985-10-25','Lake','5','2018-03-16 04:43:00'),
('70','berge.ari@example.org','1d59112888d0ea6112c574c0b7f15aed7b563593','hic','ut','269.774.8221',NULL,'2005-09-26','West','6','1989-12-22 15:14:09'),
('71','laura50@example.com','d66163f87733f0dda8c0fa088743705fe936595d','et','quia','593-890-5216',NULL,'1986-05-29','North','9','1978-11-24 01:32:57'),
('72','johnson.nelle@example.org','c583207f456227ca89a8b53e4d6fe9baa1619080','quibusdam','iure','(431)276-7726x95960',NULL,'1978-12-11','Port','5','1988-09-01 12:04:33'),
('73','roderick.bergstrom@example.org','22e0a88f33517cb1024eb029c45b2357c91b40b2','quia','est','023-881-5005x67647',NULL,'1988-05-10','East','9','1978-04-24 12:45:32'),
('74','pkoepp@example.com','ca06841577558b54aaadcf783205ff8a12b3f475','dolores','sint','1-067-663-3954',NULL,'1986-02-05','South','5','1999-04-25 09:44:50'),
('75','sstanton@example.com','417e587cd407adad231b65bb1c224ab7ca8c05c7','animi','consequatur','09552479271',NULL,'1985-07-25','Port','4','1984-10-09 09:49:02'),
('76','andrew.nitzsche@example.com','8132dc6def71a17928842faf1ade795ce2cba832','omnis','nam','1-188-240-5191x16546',NULL,'1994-08-06','Port','4','1994-01-15 12:20:18'),
('77','qhowe@example.com','6041f4490372f4938464879f264465229f6c5d06','ex','dolorum','911.644.8820',NULL,'2003-01-06','East','4','1974-08-25 05:07:52'),
('78','rskiles@example.net','b66cb47ae5539acc02b5944b02f75540b1752bf5','reprehenderit','quia','(147)488-8186x627',NULL,'2016-11-17','South','1','2013-02-15 04:05:54'),
('79','alysson.bechtelar@example.net','e45cc304ceb7cbc63662d4eebbadb3149bf7c9b9','sit','omnis','627.959.7210x633',NULL,'1990-01-19','West','7','1985-06-27 19:14:57'),
('80','elroy.rice@example.net','c32e34be665f503c305c06a18aee56588a8554c7','incidunt','voluptas','1-460-020-0853x9891',NULL,'2001-12-07','West','7','1999-12-27 05:12:37'),
('81','rowan53@example.org','c426285e8481c0298dcc8b6a039483b9da681d4c','iste','ut','166-419-7989',NULL,'1998-10-13','New','2','1987-05-21 04:21:46'),
('82','ischmeler@example.com','5711e8a0e1a6d3ea43e0a89bbea71aeacbd39f43','et','et','151.050.4479',NULL,'2009-07-07','North','9','1975-01-03 14:43:15'),
('83','lreichel@example.net','3a69c7d0b912ca038b9c5146359044ce0c8bddc4','blanditiis','modi','525.302.5812x812',NULL,'1974-07-16','New','6','1999-10-29 05:58:26'),
('84','glenda36@example.net','293d72da46c221f942bde1ef937383fcce14cae3','in','ab','608.843.2127x1050',NULL,'2013-09-18','South','9','2002-10-01 16:18:06'),
('85','uschmeler@example.org','3c23ada1893af8dfcaa9a390a747dfb4fecc0c8e','voluptatem','rerum','1-667-526-3038x0525',NULL,'2017-03-24','Port','6','1992-12-06 07:31:10'),
('86','glover.fritz@example.org','921d66f77df801e08650a5c0a1346eadc8b7a53e','nobis','iste','1-490-026-5319x6565',NULL,'1975-02-11','New','6','2014-02-20 09:28:02'),
('87','rene.schulist@example.net','79587670ac757ebde95b004e46ec5f4784566d55','aliquid','sit','208-920-3418x707',NULL,'2018-12-01','North','2','1979-03-21 19:02:58'),
('88','mkshlerin@example.net','b984d09ab653619f5f02059517fbefbb391e478e','consequatur','temporibus','03576960463',NULL,'1989-12-15','West','8','2006-10-11 03:12:27'),
('89','wisoky.gaetano@example.com','45d29bfaa297d4adeaff70780cd4879e0d626bc5','libero','consequatur','1-449-816-9103x8427',NULL,'2004-08-14','Port','9','2017-02-26 12:10:06'),
('90','tyrel39@example.com','04251cf57d6825dae1f743fd15fa44a698d66b37','minima','dolore','1-075-160-5950x65748',NULL,'1988-04-14','Lake','8','1999-04-24 07:41:19'),
('91','rowland87@example.com','7757559d85871161cbfa517df53b25d78f6b8877','ipsa','est','387-525-6031x740',NULL,'1998-03-27','Lake','0','1997-04-19 23:27:53'),
('92','veronica.bogisich@example.org','fd9fb7d2d5c1509e0312687d036d51723f6c14a6','dolorem','quia','(574)273-9330',NULL,'2009-10-03','West','0','1970-08-07 01:56:59'),
('93','sylvester81@example.org','b41fe3b0667386c895b659e9587b82a3148901aa','ullam','beatae','1-639-660-4913x032',NULL,'1985-08-16','West','3','2010-02-01 17:22:25'),
('94','aspencer@example.com','e7768de6ca80857bba5ac362ebf781fcb42aaf3b','quia','expedita','008-288-5790',NULL,'1999-10-04','Port','2','1972-06-18 05:52:50'),
('95','erna.mcdermott@example.org','e4adf80af3718c15cbd7a178b2fc70d56610486f','sed','voluptas','640-625-9855x791',NULL,'2019-09-11','South','1','1990-07-01 20:28:55'),
('96','jast.russ@example.org','4d4ed397f59527f07a1e3ac1a5f90e0eb8f9dddc','culpa','illum','677.730.7065x200',NULL,'2011-12-09','Lake','8','2011-05-09 13:25:52'),
('97','anabelle.dubuque@example.com','8ab7a20dba897d8f8e27ee24a6ad81d3e39b9aca','aut','consectetur','316-034-0908x38930',NULL,'2013-12-12','New','5','2003-08-24 03:02:19'),
('98','pgaylord@example.com','08b768e9cfd2e70ddeb61f792fb9a595983246f7','explicabo','magnam','(019)788-1684',NULL,'1973-07-21','New','1','1991-06-04 05:01:28'),
('99','dconnelly@example.org','f9e9c86da4e68ce3b678267e760ee35dbc3944dc','nemo','autem','030-632-5878',NULL,'2007-02-11','South','7','2007-12-29 02:08:35'),
('100','enos06@example.net','84ae5ab96e7119a8044d38aa85ce48dd2cc283b4','vero','optio','1-739-826-4773x894',NULL,'1998-07-02','East','1','1989-10-17 07:40:37'); 


DROP TABLE IF EXISTS `users_communities`;
CREATE TABLE `users_communities` (
  `user_id` bigint(20) unsigned NOT NULL,
  `community_id` bigint(20) unsigned NOT NULL,
  `is_admin` tinyint(1) DEFAULT 0,
  PRIMARY KEY (`user_id`,`community_id`),
  KEY `community_id` (`community_id`),
  CONSTRAINT `users_communities_ibfk_1` FOREIGN KEY (`user_id`) REFERENCES `users` (`id`),
  CONSTRAINT `users_communities_ibfk_2` FOREIGN KEY (`community_id`) REFERENCES `communities` (`id`)
) ENGINE=InnoDB DEFAULT CHARSET=utf8 COLLATE=utf8_unicode_ci;

INSERT INTO `users_communities` VALUES ('1','1','0'),
('1','3','1'),
('1','6','1'),
('1','7','1'),
('1','8','0'),
('2','1','1'),
('2','2','0'),
('2','4','1'),
('2','5','1'),
('2','6','0'),
('2','7','0'),
('2','9','0'),
('3','2','1'),
('3','4','1'),
('3','5','0'),
('3','6','0'),
('3','7','1'),
('3','9','0'),
('4','1','1'),
('4','4','1'),
('4','5','0'),
('4','6','1'),
('4','8','1'),
('5','1','1'),
('5','2','1'),
('5','3','1'),
('5','4','1'),
('5','6','0'),
('5','7','1'),
('5','8','0'),
('6','1','0'),
('6','2','1'),
('6','5','1'),
('6','7','1'),
('6','8','1'),
('6','9','1'),
('7','1','0'),
('7','2','1'),
('7','4','0'),
('7','5','1'),
('7','7','1'),
('7','8','1'),
('7','9','0'),
('8','1','0'),
('8','3','1'),
('8','4','0'),
('8','8','0'),
('8','9','1'),
('9','1','1'),
('9','3','0'),
('9','4','1'),
('9','5','1'),
('9','6','1'),
('9','7','0'),
('9','8','0'),
('9','9','0'); 




/*!40101 SET SQL_MODE=@OLD_SQL_MODE */;
/*!40014 SET FOREIGN_KEY_CHECKS=@OLD_FOREIGN_KEY_CHECKS */;
/*!40014 SET UNIQUE_CHECKS=@OLD_UNIQUE_CHECKS */;
/*!40101 SET CHARACTER_SET_CLIENT=@OLD_CHARACTER_SET_CLIENT */;
/*!40101 SET CHARACTER_SET_RESULTS=@OLD_CHARACTER_SET_RESULTS */;
/*!40101 SET COLLATION_CONNECTION=@OLD_COLLATION_CONNECTION */;
/*!40111 SET SQL_NOTES=@OLD_SQL_NOTES */;

